order_id,customer_id,order_date,product_id,quantity
1,db3ce696964d,2023-01-02,b7145876,4
1,db3ce696964d,2023-01-02,r8953149,2
1,db3ce696964d,2023-01-02,c8609869,1
2,f7cb9b960a24,2023-01-02,r1960405,1
2,f7cb9b960a24,2023-01-02,b7145876,2
3,5a39cadd1b00,2023-01-03,c5622854,3
3,5a39cadd1b00,2023-01-03,c5610250,1
3,5a39cadd1b00,2023-01-03,r1960405,2
4,acfb105825f3,2023-01-03,b5728274,1
4,acfb105825f3,2023-01-03,c2003799,1
4,acfb105825f3,2023-01-03,z1991790,3
5,f7cb9b960a24,2023-01-03,r2024129,1
5,f7cb9b960a24,2023-01-03,z3948601,2
6,b5a711fe7e92,2023-01-04,c7565202,4
6,b5a711fe7e92,2023-01-04,b5758140,4
7,13b3f39cb746,2023-01-06,r8953149,2
7,13b3f39cb746,2023-01-06,c8609869,2
8,51984e3434d2,2023-01-06,c5610250,4
8,51984e3434d2,2023-01-06,c6085986,1
8,51984e3434d2,2023-01-06,r8309072,1
9,5a8872eea42b,2023-01-06,c6085986,1
9,5a8872eea42b,2023-01-06,c8609869,1
9,5a8872eea42b,2023-01-06,z1991790,1
10,13b3f39cb746,2023-01-07,c7565202,1
11,f15d449e81e8,2023-01-07,b5758140,3
11,f15d449e81e8,2023-01-07,c5622854,3
11,f15d449e81e8,2023-01-07,z8164719,3
12,c0d785093a27,2023-01-08,r8309072,1
12,c0d785093a27,2023-01-08,r2024129,4
13,f15d449e81e8,2023-01-08,z1238518,1
13,f15d449e81e8,2023-01-08,b5758140,1
13,f15d449e81e8,2023-01-08,c5610250,1
14,344ddf4c03d6,2023-01-09,z8164719,2
14,344ddf4c03d6,2023-01-09,z3948601,4
14,344ddf4c03d6,2023-01-09,b5758140,3
15,51984e3434d2,2023-01-09,c8609869,1
16,94962c41e17d,2023-01-09,r8309072,4
16,94962c41e17d,2023-01-09,z8164719,3
16,94962c41e17d,2023-01-09,b5758140,2
17,c0d785093a27,2023-01-09,c3889878,2
17,c0d785093a27,2023-01-09,c5610250,3
18,1bde41ce9b4f,2023-01-10,b7145876,4
18,1bde41ce9b4f,2023-01-10,r1960405,4
18,1bde41ce9b4f,2023-01-10,c2176477,3
19,5a8872eea42b,2023-01-10,c9787669,4
20,f15d449e81e8,2023-01-11,b7145876,1
20,f15d449e81e8,2023-01-11,r1960405,2
21,f7cb9b960a24,2023-01-11,z1238518,2
22,1bde41ce9b4f,2023-01-12,c7565202,1
22,1bde41ce9b4f,2023-01-12,z3948601,4
23,b5a711fe7e92,2023-01-12,c2003799,2
23,b5a711fe7e92,2023-01-12,b7145876,4
24,51984e3434d2,2023-01-13,c5610250,2
24,51984e3434d2,2023-01-13,z1238518,4
25,5a8872eea42b,2023-01-13,c7565202,1
25,5a8872eea42b,2023-01-13,z1991790,3
26,1bde41ce9b4f,2023-01-15,z8164719,4
26,1bde41ce9b4f,2023-01-15,c5622854,2
26,1bde41ce9b4f,2023-01-15,c5622854,3
27,5a8872eea42b,2023-01-15,r8953149,2
27,5a8872eea42b,2023-01-15,c5622854,4
28,acfb105825f3,2023-01-15,c5610250,4
28,acfb105825f3,2023-01-15,c9787669,2
29,ad8fa913d25b,2023-01-15,c3889878,3
29,ad8fa913d25b,2023-01-15,c7565202,2
30,4b6ad8b86675,2023-01-16,z8164719,3
31,95a10e2b9557,2023-01-16,z8164719,4
31,95a10e2b9557,2023-01-16,r1960405,2
32,b5a711fe7e92,2023-01-16,r8953149,2
32,b5a711fe7e92,2023-01-16,z1991790,1
32,b5a711fe7e92,2023-01-16,b5728274,4
33,c0d785093a27,2023-01-16,r2024129,2
33,c0d785093a27,2023-01-16,c2176477,1
33,c0d785093a27,2023-01-16,b5758140,3
34,f15d449e81e8,2023-01-16,c6085986,1
34,f15d449e81e8,2023-01-16,c7565202,2
35,ad8fa913d25b,2023-01-17,z1991790,3
36,acfb105825f3,2023-01-18,z3948601,3
36,acfb105825f3,2023-01-18,c6085986,2
37,794085b394b2,2023-01-19,r2024129,3
37,794085b394b2,2023-01-19,b5728274,4
38,b5a711fe7e92,2023-01-19,b7145876,4
38,b5a711fe7e92,2023-01-19,c3889878,1
38,b5a711fe7e92,2023-01-19,c5610250,2
39,4c8d5b6c695d,2023-01-20,c7565202,1
40,51984e3434d2,2023-01-20,b5728274,4
41,94962c41e17d,2023-01-20,c9787669,2
41,94962c41e17d,2023-01-20,r2024129,4
41,94962c41e17d,2023-01-20,r8309072,4
42,95a10e2b9557,2023-01-20,z1238518,1
43,acfb105825f3,2023-01-21,z8164719,3
44,ad8fa913d25b,2023-01-21,c9787669,3
44,ad8fa913d25b,2023-01-21,z8164719,4
44,ad8fa913d25b,2023-01-21,c6085986,3
45,f7cb9b960a24,2023-01-21,c2003799,3
45,f7cb9b960a24,2023-01-21,r1960405,4
46,acfb105825f3,2023-01-22,c7565202,3
47,ad8fa913d25b,2023-01-22,c9787669,2
47,ad8fa913d25b,2023-01-22,c2176477,4
47,ad8fa913d25b,2023-01-22,c7565202,1
48,f15d449e81e8,2023-01-22,z3948601,2
48,f15d449e81e8,2023-01-22,c5610250,4
48,f15d449e81e8,2023-01-22,r1960405,2
49,4c8d5b6c695d,2023-01-23,r8953149,4
49,4c8d5b6c695d,2023-01-23,c5610250,2
50,95a10e2b9557,2023-01-23,r1960405,4
50,95a10e2b9557,2023-01-23,c5622854,1
50,95a10e2b9557,2023-01-23,c5610250,1
51,ad8fa913d25b,2023-01-23,b5758140,3
51,ad8fa913d25b,2023-01-23,z3948601,4
51,ad8fa913d25b,2023-01-23,c3889878,3
52,344ddf4c03d6,2023-01-24,c3889878,1
52,344ddf4c03d6,2023-01-24,c9787669,4
53,1bde41ce9b4f,2023-01-25,c7565202,4
53,1bde41ce9b4f,2023-01-25,r8309072,4
53,1bde41ce9b4f,2023-01-25,c2176477,3
54,f15d449e81e8,2023-01-26,r1960405,4
54,f15d449e81e8,2023-01-26,c5622854,2
55,ad8fa913d25b,2023-01-27,b7145876,2
56,1bde41ce9b4f,2023-01-28,b5728274,3
56,1bde41ce9b4f,2023-01-28,r1960405,3
57,94962c41e17d,2023-01-28,c5610250,2
57,94962c41e17d,2023-01-28,c9787669,3
57,94962c41e17d,2023-01-28,r2024129,3
58,4b6ad8b86675,2023-01-29,b5728274,1
58,4b6ad8b86675,2023-01-29,r1960405,1
58,4b6ad8b86675,2023-01-29,r8309072,2
59,4c8d5b6c695d,2023-01-29,r8953149,4
60,db3ce696964d,2023-01-29,z3948601,3
60,db3ce696964d,2023-01-29,c2003799,2
60,db3ce696964d,2023-01-29,c8609869,2
61,344ddf4c03d6,2023-01-30,c3889878,1
62,5a39cadd1b00,2023-01-30,c7565202,2
62,5a39cadd1b00,2023-01-30,z8164719,2
63,5a8872eea42b,2023-01-30,z8164719,2
63,5a8872eea42b,2023-01-30,z3948601,3
64,794085b394b2,2023-01-30,c8609869,3
64,794085b394b2,2023-01-30,z8164719,1
65,94962c41e17d,2023-01-30,c2003799,4
65,94962c41e17d,2023-01-30,c5622854,3
66,acfb105825f3,2023-01-30,c6085986,1
66,acfb105825f3,2023-01-30,r2024129,1
66,acfb105825f3,2023-01-30,z1991790,3
67,1bde41ce9b4f,2023-01-31,r2024129,1
67,1bde41ce9b4f,2023-01-31,b5758140,4
68,51984e3434d2,2023-01-31,c2003799,3
68,51984e3434d2,2023-01-31,c2176477,3
69,5a39cadd1b00,2023-01-31,r8953149,2
69,5a39cadd1b00,2023-01-31,c3889878,1
69,5a39cadd1b00,2023-01-31,c8609869,4
70,13b3f39cb746,2023-02-01,c9787669,1
71,4c8d5b6c695d,2023-02-01,c8609869,2
71,4c8d5b6c695d,2023-02-01,c2003799,4
72,94962c41e17d,2023-02-01,z3948601,2
72,94962c41e17d,2023-02-01,c6085986,2
72,94962c41e17d,2023-02-01,c5622854,3
73,95a10e2b9557,2023-02-01,b7145876,3
73,95a10e2b9557,2023-02-01,b7145876,3
73,95a10e2b9557,2023-02-01,c6085986,3
74,4b6ad8b86675,2023-02-02,c5610250,3
74,4b6ad8b86675,2023-02-02,z8164719,4
75,5a39cadd1b00,2023-02-03,r8953149,4
75,5a39cadd1b00,2023-02-03,r8309072,4
75,5a39cadd1b00,2023-02-03,c5610250,3
76,94962c41e17d,2023-02-03,b7145876,1
77,95a10e2b9557,2023-02-03,z8164719,2
77,95a10e2b9557,2023-02-03,b5728274,4
77,95a10e2b9557,2023-02-03,b7145876,3
78,c0d785093a27,2023-02-03,c3889878,1
78,c0d785093a27,2023-02-03,z1991790,2
79,794085b394b2,2023-02-04,r8953149,3
79,794085b394b2,2023-02-04,c3889878,1
80,94962c41e17d,2023-02-04,c5610250,1
81,db3ce696964d,2023-02-04,b5758140,4
82,344ddf4c03d6,2023-02-05,c6085986,4
82,344ddf4c03d6,2023-02-05,c5610250,1
83,f15d449e81e8,2023-02-05,c5610250,4
84,344ddf4c03d6,2023-02-06,r8309072,1
84,344ddf4c03d6,2023-02-06,r1960405,2
85,4b6ad8b86675,2023-02-06,c5610250,4
85,4b6ad8b86675,2023-02-06,c2003799,4
85,4b6ad8b86675,2023-02-06,c7565202,1
86,13b3f39cb746,2023-02-07,z1238518,4
86,13b3f39cb746,2023-02-07,z1991790,2
86,13b3f39cb746,2023-02-07,r8309072,2
87,5a8872eea42b,2023-02-07,c7565202,2
88,ad8fa913d25b,2023-02-07,c9787669,3
88,ad8fa913d25b,2023-02-07,c3889878,1
88,ad8fa913d25b,2023-02-07,r8309072,4
89,4b6ad8b86675,2023-02-08,z1991790,3
90,5a39cadd1b00,2023-02-08,c2176477,4
90,5a39cadd1b00,2023-02-08,c5622854,1
91,b5a711fe7e92,2023-02-08,r8309072,4
91,b5a711fe7e92,2023-02-08,c5610250,3
92,4c8d5b6c695d,2023-02-09,r1960405,2
92,4c8d5b6c695d,2023-02-09,c8609869,1
93,794085b394b2,2023-02-09,b5758140,3
94,c0d785093a27,2023-02-09,z3948601,2
94,c0d785093a27,2023-02-09,r1960405,4
95,db3ce696964d,2023-02-09,c3889878,1
95,db3ce696964d,2023-02-09,c5610250,4
96,344ddf4c03d6,2023-02-10,z8164719,3
96,344ddf4c03d6,2023-02-10,c5610250,4
97,5a39cadd1b00,2023-02-10,c5610250,4
97,5a39cadd1b00,2023-02-10,b5728274,2
97,5a39cadd1b00,2023-02-10,z3948601,2
98,94962c41e17d,2023-02-10,c2003799,1
98,94962c41e17d,2023-02-10,b5758140,1
98,94962c41e17d,2023-02-10,c6085986,1
99,344ddf4c03d6,2023-02-11,z3948601,2
100,69e12ad8d81d,2023-02-11,c5622854,1
101,13b3f39cb746,2023-02-12,c6085986,1
101,13b3f39cb746,2023-02-12,r2024129,3
101,13b3f39cb746,2023-02-12,c5622854,4
102,94962c41e17d,2023-02-12,b5728274,4
102,94962c41e17d,2023-02-12,c2176477,3
102,94962c41e17d,2023-02-12,c2003799,2
103,db3ce696964d,2023-02-12,c9787669,3
103,db3ce696964d,2023-02-12,c8609869,1
104,5a8872eea42b,2023-02-13,c2176477,1
104,5a8872eea42b,2023-02-13,r2024129,4
104,5a8872eea42b,2023-02-13,c2003799,1
105,b5a711fe7e92,2023-02-13,z1991790,1
106,4b6ad8b86675,2023-02-14,r2024129,1
106,4b6ad8b86675,2023-02-14,b5728274,4
106,4b6ad8b86675,2023-02-14,b7145876,1
107,5a8872eea42b,2023-02-14,c3889878,4
107,5a8872eea42b,2023-02-14,c2003799,2
107,5a8872eea42b,2023-02-14,r8309072,4
108,95a10e2b9557,2023-02-14,c3889878,2
108,95a10e2b9557,2023-02-14,c3889878,4
108,95a10e2b9557,2023-02-14,r2024129,1
109,c0d785093a27,2023-02-14,c5610250,4
109,c0d785093a27,2023-02-14,c7565202,4
109,c0d785093a27,2023-02-14,c5610250,1
110,5a8872eea42b,2023-02-15,z1991790,2
110,5a8872eea42b,2023-02-15,c9787669,4
110,5a8872eea42b,2023-02-15,r2024129,2
111,95a10e2b9557,2023-02-15,c9787669,4
111,95a10e2b9557,2023-02-15,c7565202,2
112,344ddf4c03d6,2023-02-16,c2003799,4
112,344ddf4c03d6,2023-02-16,c2176477,4
112,344ddf4c03d6,2023-02-16,c9787669,3
113,acfb105825f3,2023-02-16,z1238518,3
113,acfb105825f3,2023-02-16,b5758140,3
114,ad8fa913d25b,2023-02-16,c7565202,2
114,ad8fa913d25b,2023-02-16,c5610250,2
114,ad8fa913d25b,2023-02-16,r1960405,1
115,4c8d5b6c695d,2023-02-17,b5728274,2
115,4c8d5b6c695d,2023-02-17,b7145876,4
116,acfb105825f3,2023-02-17,r1960405,1
117,b5a711fe7e92,2023-02-17,c2003799,3
117,b5a711fe7e92,2023-02-17,z1991790,1
118,db3ce696964d,2023-02-17,c7565202,1
118,db3ce696964d,2023-02-17,c6085986,4
119,1bde41ce9b4f,2023-02-18,b5758140,1
120,4c8d5b6c695d,2023-02-18,b7145876,1
120,4c8d5b6c695d,2023-02-18,z1238518,4
121,ad8fa913d25b,2023-02-18,b5728274,3
122,db3ce696964d,2023-02-18,c8609869,1
123,13b3f39cb746,2023-02-19,c9787669,4
123,13b3f39cb746,2023-02-19,r2024129,4
123,13b3f39cb746,2023-02-19,c3889878,1
124,acfb105825f3,2023-02-19,b5758140,1
125,4c8d5b6c695d,2023-02-20,c7565202,2
125,4c8d5b6c695d,2023-02-20,c7565202,2
125,4c8d5b6c695d,2023-02-20,c9787669,2
126,5a39cadd1b00,2023-02-20,c2003799,3
127,f7cb9b960a24,2023-02-20,z3948601,2
127,f7cb9b960a24,2023-02-20,c5622854,1
128,1bde41ce9b4f,2023-02-21,r8953149,3
128,1bde41ce9b4f,2023-02-21,c3889878,3
129,5a39cadd1b00,2023-02-21,c6085986,2
130,794085b394b2,2023-02-21,b5758140,2
130,794085b394b2,2023-02-21,c7565202,1
131,5a39cadd1b00,2023-02-22,r8309072,2
131,5a39cadd1b00,2023-02-22,c2003799,3
131,5a39cadd1b00,2023-02-22,c2003799,4
132,5a8872eea42b,2023-02-22,c8609869,4
133,794085b394b2,2023-02-22,z3948601,4
134,acfb105825f3,2023-02-22,z1238518,4
134,acfb105825f3,2023-02-22,z1238518,4
135,db3ce696964d,2023-02-22,r8309072,4
135,db3ce696964d,2023-02-22,c5622854,2
136,1bde41ce9b4f,2023-02-23,r1960405,3
136,1bde41ce9b4f,2023-02-23,z3948601,1
137,1bde41ce9b4f,2023-02-24,z8164719,2
137,1bde41ce9b4f,2023-02-24,c8609869,2
138,a89d6642c31c,2023-02-24,r8953149,1
139,db3ce696964d,2023-02-24,c6085986,3
139,db3ce696964d,2023-02-24,c5610250,3
139,db3ce696964d,2023-02-24,b5728274,3
140,acfb105825f3,2023-02-25,c2003799,1
141,b5a711fe7e92,2023-02-25,r8309072,1
141,b5a711fe7e92,2023-02-25,c5622854,3
141,b5a711fe7e92,2023-02-25,r2024129,3
142,5a8872eea42b,2023-02-26,z8164719,1
143,acfb105825f3,2023-02-26,z3948601,1
143,acfb105825f3,2023-02-26,b5728274,2
144,69e12ad8d81d,2023-02-27,r8309072,2
145,4b6ad8b86675,2023-02-28,b7145876,4
146,a89d6642c31c,2023-02-28,b5758140,2
146,a89d6642c31c,2023-02-28,c5610250,4
146,a89d6642c31c,2023-02-28,c5622854,1
147,db3ce696964d,2023-02-28,z1991790,1
147,db3ce696964d,2023-02-28,c5610250,1
148,4b6ad8b86675,2023-03-01,z1238518,1
149,4c8d5b6c695d,2023-03-01,c9787669,4
149,4c8d5b6c695d,2023-03-01,c2176477,4
149,4c8d5b6c695d,2023-03-01,c5610250,3
150,5a39cadd1b00,2023-03-01,c2003799,1
150,5a39cadd1b00,2023-03-01,c8609869,2
151,94962c41e17d,2023-03-01,c3889878,1
151,94962c41e17d,2023-03-01,b5758140,3
151,94962c41e17d,2023-03-01,z1991790,2
152,b5a711fe7e92,2023-03-01,c9787669,1
152,b5a711fe7e92,2023-03-01,c7565202,3
153,f7cb9b960a24,2023-03-01,c7565202,4
154,51984e3434d2,2023-03-03,z3948601,4
154,51984e3434d2,2023-03-03,z1238518,1
154,51984e3434d2,2023-03-03,c2176477,3
155,69e12ad8d81d,2023-03-03,c5622854,4
155,69e12ad8d81d,2023-03-03,z1991790,3
156,94962c41e17d,2023-03-03,r1960405,3
157,c0d785093a27,2023-03-03,r2024129,3
158,f7cb9b960a24,2023-03-03,r8309072,2
159,13b3f39cb746,2023-03-04,c6085986,3
159,13b3f39cb746,2023-03-04,c6085986,1
160,4c8d5b6c695d,2023-03-04,c9787669,4
160,4c8d5b6c695d,2023-03-04,r1960405,1
160,4c8d5b6c695d,2023-03-04,b7145876,3
161,94962c41e17d,2023-03-04,r1960405,3
161,94962c41e17d,2023-03-04,b5728274,3
162,ad8fa913d25b,2023-03-04,z3948601,2
163,1bde41ce9b4f,2023-03-05,b7145876,3
164,a89d6642c31c,2023-03-05,z3948601,1
164,a89d6642c31c,2023-03-05,r8953149,2
165,344ddf4c03d6,2023-03-06,z1991790,2
165,344ddf4c03d6,2023-03-06,z1238518,2
166,69e12ad8d81d,2023-03-06,b5758140,3
167,794085b394b2,2023-03-06,z1991790,2
168,95a10e2b9557,2023-03-06,c8609869,4
168,95a10e2b9557,2023-03-06,z1238518,1
168,95a10e2b9557,2023-03-06,c7565202,4
169,b5a711fe7e92,2023-03-06,b5758140,4
169,b5a711fe7e92,2023-03-06,c5622854,2
170,5a39cadd1b00,2023-03-07,c5622854,2
170,5a39cadd1b00,2023-03-07,b5728274,2
171,b5a711fe7e92,2023-03-08,z1238518,1
171,b5a711fe7e92,2023-03-08,b5758140,2
172,344ddf4c03d6,2023-03-09,z1238518,1
173,94962c41e17d,2023-03-09,b5728274,4
174,a89d6642c31c,2023-03-09,b5728274,1
174,a89d6642c31c,2023-03-09,r8953149,1
174,a89d6642c31c,2023-03-09,z1991790,2
175,1bde41ce9b4f,2023-03-10,c2176477,3
175,1bde41ce9b4f,2023-03-10,b5728274,2
176,13b3f39cb746,2023-03-11,c9787669,4
176,13b3f39cb746,2023-03-11,c8609869,4
177,794085b394b2,2023-03-11,c6085986,2
177,794085b394b2,2023-03-11,c5610250,1
178,1bde41ce9b4f,2023-03-12,b5758140,4
178,1bde41ce9b4f,2023-03-12,b5728274,4
179,69e12ad8d81d,2023-03-12,c5610250,3
179,69e12ad8d81d,2023-03-12,b5728274,4
179,69e12ad8d81d,2023-03-12,z1991790,3
180,4c8d5b6c695d,2023-03-14,b7145876,2
180,4c8d5b6c695d,2023-03-14,c9787669,3
181,acfb105825f3,2023-03-14,c2003799,1
182,5a39cadd1b00,2023-03-15,r8309072,4
182,5a39cadd1b00,2023-03-15,z8164719,2
183,5a8872eea42b,2023-03-15,c6085986,2
183,5a8872eea42b,2023-03-15,c3889878,4
183,5a8872eea42b,2023-03-15,r8953149,4
184,69e12ad8d81d,2023-03-15,r8953149,4
184,69e12ad8d81d,2023-03-15,b5728274,4
185,94962c41e17d,2023-03-15,r8309072,2
185,94962c41e17d,2023-03-15,c9787669,3
186,db3ce696964d,2023-03-15,z8164719,1
187,4b6ad8b86675,2023-03-16,c2176477,3
187,4b6ad8b86675,2023-03-16,c9787669,2
187,4b6ad8b86675,2023-03-16,r8953149,1
188,95a10e2b9557,2023-03-16,c2176477,1
188,95a10e2b9557,2023-03-16,c9787669,3
188,95a10e2b9557,2023-03-16,c8609869,1
189,b5a711fe7e92,2023-03-16,c8609869,1
189,b5a711fe7e92,2023-03-16,c5622854,3
190,13b3f39cb746,2023-03-17,b5728274,2
191,344ddf4c03d6,2023-03-17,b5758140,4
191,344ddf4c03d6,2023-03-17,r8309072,3
191,344ddf4c03d6,2023-03-17,b7145876,3
192,f15d449e81e8,2023-03-17,c5610250,2
192,f15d449e81e8,2023-03-17,r1960405,2
192,f15d449e81e8,2023-03-17,c2003799,1
193,f7cb9b960a24,2023-03-17,c5622854,2
194,94962c41e17d,2023-03-18,c9787669,4
194,94962c41e17d,2023-03-18,c7565202,3
195,c0d785093a27,2023-03-18,b7145876,2
195,c0d785093a27,2023-03-18,c2003799,4
196,db3ce696964d,2023-03-18,c3889878,1
197,794085b394b2,2023-03-20,b5728274,3
197,794085b394b2,2023-03-20,z1991790,4
197,794085b394b2,2023-03-20,c5622854,3
198,ad8fa913d25b,2023-03-20,z8164719,1
198,ad8fa913d25b,2023-03-20,z1991790,2
199,db3ce696964d,2023-03-20,c2003799,4
199,db3ce696964d,2023-03-20,b5728274,3
199,db3ce696964d,2023-03-20,r1960405,1
200,acfb105825f3,2023-03-22,c6085986,4
200,acfb105825f3,2023-03-22,c6085986,1
200,acfb105825f3,2023-03-22,c8609869,2
201,13b3f39cb746,2023-03-23,c5610250,1
201,13b3f39cb746,2023-03-23,b5758140,4
202,4b6ad8b86675,2023-03-23,r2024129,2
202,4b6ad8b86675,2023-03-23,c9787669,3
202,4b6ad8b86675,2023-03-23,z1238518,2
203,94962c41e17d,2023-03-23,c3889878,4
203,94962c41e17d,2023-03-23,c5622854,1
204,ad8fa913d25b,2023-03-23,b7145876,4
205,51984e3434d2,2023-03-24,z1238518,3
205,51984e3434d2,2023-03-24,r2024129,4
206,69e12ad8d81d,2023-03-24,c2003799,2
206,69e12ad8d81d,2023-03-24,c8609869,3
207,ad8fa913d25b,2023-03-24,r8953149,1
207,ad8fa913d25b,2023-03-24,z1991790,2
207,ad8fa913d25b,2023-03-24,r1960405,1
208,1bde41ce9b4f,2023-03-25,c5610250,1
208,1bde41ce9b4f,2023-03-25,c5610250,2
209,794085b394b2,2023-03-25,r8953149,1
209,794085b394b2,2023-03-25,c6085986,3
210,b5a711fe7e92,2023-03-25,c2176477,2
211,1bde41ce9b4f,2023-03-26,c7565202,1
211,1bde41ce9b4f,2023-03-26,r8309072,2
211,1bde41ce9b4f,2023-03-26,c8609869,1
212,344ddf4c03d6,2023-03-26,r2024129,2
213,4b6ad8b86675,2023-03-26,c5610250,2
213,4b6ad8b86675,2023-03-26,z1991790,2
213,4b6ad8b86675,2023-03-26,r8953149,2
214,4c8d5b6c695d,2023-03-26,b5728274,2
214,4c8d5b6c695d,2023-03-26,r8953149,2
215,794085b394b2,2023-03-26,c3889878,4
215,794085b394b2,2023-03-26,b5728274,2
216,a89d6642c31c,2023-03-26,c7565202,3
217,b5a711fe7e92,2023-03-26,b7145876,4
218,db3ce696964d,2023-03-26,c5622854,4
218,db3ce696964d,2023-03-26,c2003799,3
219,5a39cadd1b00,2023-03-27,c6085986,3
220,f15d449e81e8,2023-03-27,b5758140,3
220,f15d449e81e8,2023-03-27,c9787669,2
221,13b3f39cb746,2023-03-28,b5728274,1
221,13b3f39cb746,2023-03-28,z8164719,3
221,13b3f39cb746,2023-03-28,c2176477,2
222,4b6ad8b86675,2023-03-28,c2176477,1
222,4b6ad8b86675,2023-03-28,b7145876,1
223,5a39cadd1b00,2023-03-28,c2003799,1
223,5a39cadd1b00,2023-03-28,z3948601,1
223,5a39cadd1b00,2023-03-28,z1991790,1
224,5a8872eea42b,2023-03-28,c5622854,1
224,5a8872eea42b,2023-03-28,z1238518,3
225,794085b394b2,2023-03-29,r1960405,4
225,794085b394b2,2023-03-29,z3948601,1
226,4c8d5b6c695d,2023-03-30,r2024129,3
226,4c8d5b6c695d,2023-03-30,r1960405,4
227,51984e3434d2,2023-03-30,r8953149,1
227,51984e3434d2,2023-03-30,c5622854,4
228,5a8872eea42b,2023-03-30,r2024129,3
229,95a10e2b9557,2023-03-30,r1960405,3
229,95a10e2b9557,2023-03-30,c6085986,4
229,95a10e2b9557,2023-03-30,c5610250,1
230,51984e3434d2,2023-03-31,z8164719,4
231,794085b394b2,2023-03-31,c5610250,2
232,b5a711fe7e92,2023-03-31,c6085986,2
232,b5a711fe7e92,2023-03-31,r8953149,4
232,b5a711fe7e92,2023-03-31,b7145876,4
233,f15d449e81e8,2023-03-31,b5728274,3
233,f15d449e81e8,2023-03-31,c2003799,4
233,f15d449e81e8,2023-03-31,r8953149,3
234,95a10e2b9557,2023-04-01,b5728274,4
235,ad8fa913d25b,2023-04-01,c5622854,1
236,51984e3434d2,2023-04-02,b5758140,3
236,51984e3434d2,2023-04-02,c3889878,2
237,69e12ad8d81d,2023-04-02,r1960405,2
237,69e12ad8d81d,2023-04-02,c6085986,1
238,94962c41e17d,2023-04-02,c5610250,1
238,94962c41e17d,2023-04-02,c5610250,4
238,94962c41e17d,2023-04-02,c2176477,2
239,ad8fa913d25b,2023-04-02,r8953149,3
239,ad8fa913d25b,2023-04-02,c2003799,4
240,51984e3434d2,2023-04-03,c2176477,3
240,51984e3434d2,2023-04-03,c2176477,3
241,95a10e2b9557,2023-04-03,b5728274,1
242,a89d6642c31c,2023-04-03,z1991790,1
243,acfb105825f3,2023-04-03,z1991790,3
243,acfb105825f3,2023-04-03,c5622854,4
244,db3ce696964d,2023-04-03,r8309072,3
244,db3ce696964d,2023-04-03,c5622854,4
245,794085b394b2,2023-04-04,c5610250,3
245,794085b394b2,2023-04-04,r1960405,4
245,794085b394b2,2023-04-04,c5610250,1
246,f15d449e81e8,2023-04-04,z1238518,1
247,f7cb9b960a24,2023-04-04,c3889878,3
247,f7cb9b960a24,2023-04-04,z8164719,3
248,5a8872eea42b,2023-04-05,b5728274,2
248,5a8872eea42b,2023-04-05,c2003799,3
249,13b3f39cb746,2023-04-06,z8164719,2
250,f7cb9b960a24,2023-04-06,c2176477,4
250,f7cb9b960a24,2023-04-06,z3948601,2
251,51984e3434d2,2023-04-07,c9787669,1
251,51984e3434d2,2023-04-07,c5622854,2
251,51984e3434d2,2023-04-07,z1238518,3
252,5a39cadd1b00,2023-04-07,r2024129,2
252,5a39cadd1b00,2023-04-07,b5728274,3
252,5a39cadd1b00,2023-04-07,c3889878,4
253,db3ce696964d,2023-04-07,c8609869,2
254,f7cb9b960a24,2023-04-07,c7565202,2
254,f7cb9b960a24,2023-04-07,r8953149,1
254,f7cb9b960a24,2023-04-07,r2024129,2
255,1bde41ce9b4f,2023-04-08,c2003799,4
255,1bde41ce9b4f,2023-04-08,c9787669,1
256,4b6ad8b86675,2023-04-08,c3889878,2
257,5a39cadd1b00,2023-04-08,b7145876,2
257,5a39cadd1b00,2023-04-08,c7565202,3
257,5a39cadd1b00,2023-04-08,r2024129,2
258,69e12ad8d81d,2023-04-08,r1960405,4
259,acfb105825f3,2023-04-08,c5610250,3
259,acfb105825f3,2023-04-08,r1960405,3
260,acfb105825f3,2023-04-09,z8164719,4
260,acfb105825f3,2023-04-09,r2024129,2
260,acfb105825f3,2023-04-09,r8953149,2
261,b5a711fe7e92,2023-04-09,z1991790,4
261,b5a711fe7e92,2023-04-09,b7145876,3
262,f15d449e81e8,2023-04-09,r1960405,2
263,344ddf4c03d6,2023-04-10,c9787669,4
263,344ddf4c03d6,2023-04-10,c5622854,3
264,4c8d5b6c695d,2023-04-10,z3948601,3
265,4b6ad8b86675,2023-04-11,r2024129,4
266,5a39cadd1b00,2023-04-11,c9787669,4
266,5a39cadd1b00,2023-04-11,c6085986,4
267,ad8fa913d25b,2023-04-11,r1960405,4
268,db3ce696964d,2023-04-11,z3948601,3
268,db3ce696964d,2023-04-11,z1991790,1
269,794085b394b2,2023-04-12,r8309072,2
270,13b3f39cb746,2023-04-13,z1238518,4
270,13b3f39cb746,2023-04-13,c2003799,1
271,5a8872eea42b,2023-04-13,c2176477,2
271,5a8872eea42b,2023-04-13,r8953149,1
272,69e12ad8d81d,2023-04-13,r8953149,2
272,69e12ad8d81d,2023-04-13,c7565202,3
273,1bde41ce9b4f,2023-04-14,b5758140,1
274,4c8d5b6c695d,2023-04-14,r2024129,3
274,4c8d5b6c695d,2023-04-14,c3889878,4
275,51984e3434d2,2023-04-14,c7565202,4
276,db3ce696964d,2023-04-14,b5758140,1
277,4c8d5b6c695d,2023-04-15,r1960405,3
278,5a8872eea42b,2023-04-15,c2176477,1
278,5a8872eea42b,2023-04-15,c7565202,2
279,ad8fa913d25b,2023-04-15,c5622854,2
279,ad8fa913d25b,2023-04-15,c5622854,4
279,ad8fa913d25b,2023-04-15,z8164719,3
280,794085b394b2,2023-04-16,z3948601,2
280,794085b394b2,2023-04-16,r8309072,2
281,a89d6642c31c,2023-04-16,r8309072,2
281,a89d6642c31c,2023-04-16,c2003799,1
282,db3ce696964d,2023-04-16,c5610250,3
283,5a39cadd1b00,2023-04-17,b5728274,4
283,5a39cadd1b00,2023-04-17,r2024129,1
284,69e12ad8d81d,2023-04-17,b7145876,2
285,95a10e2b9557,2023-04-17,c5622854,2
285,95a10e2b9557,2023-04-17,z1238518,4
285,95a10e2b9557,2023-04-17,c3889878,3
286,c0d785093a27,2023-04-17,c5622854,4
287,794085b394b2,2023-04-18,r2024129,3
287,794085b394b2,2023-04-18,c5622854,4
288,94962c41e17d,2023-04-19,c5610250,4
289,db3ce696964d,2023-04-20,c9787669,3
290,5a8872eea42b,2023-04-21,z1238518,1
290,5a8872eea42b,2023-04-21,b5728274,2
291,344ddf4c03d6,2023-04-23,z1991790,4
291,344ddf4c03d6,2023-04-23,z1991790,2
291,344ddf4c03d6,2023-04-23,b5728274,4
292,5a39cadd1b00,2023-04-23,r1960405,3
292,5a39cadd1b00,2023-04-23,z8164719,4
292,5a39cadd1b00,2023-04-23,z3948601,1
293,5a8872eea42b,2023-04-23,r8309072,4
294,794085b394b2,2023-04-23,z1991790,1
295,a89d6642c31c,2023-04-23,b5758140,1
295,a89d6642c31c,2023-04-23,z8164719,3
296,b5a711fe7e92,2023-04-23,b7145876,4
296,b5a711fe7e92,2023-04-23,z1238518,1
297,c0d785093a27,2023-04-23,c8609869,3
297,c0d785093a27,2023-04-23,r8953149,2
297,c0d785093a27,2023-04-23,c5610250,3
298,4b6ad8b86675,2023-04-24,c3889878,2
299,acfb105825f3,2023-04-24,c5610250,1
300,b5a711fe7e92,2023-04-24,z1238518,4
301,95a10e2b9557,2023-04-25,c2176477,3
301,95a10e2b9557,2023-04-25,c3889878,4
301,95a10e2b9557,2023-04-25,r8309072,1
302,db3ce696964d,2023-04-25,r8309072,2
302,db3ce696964d,2023-04-25,c5610250,3
302,db3ce696964d,2023-04-25,z3948601,3
303,13b3f39cb746,2023-04-26,c2176477,4
303,13b3f39cb746,2023-04-26,c5622854,3
303,13b3f39cb746,2023-04-26,c5622854,3
304,69e12ad8d81d,2023-04-26,r8953149,2
304,69e12ad8d81d,2023-04-26,c7565202,1
305,94962c41e17d,2023-04-26,b7145876,3
306,5a39cadd1b00,2023-04-27,c2003799,1
306,5a39cadd1b00,2023-04-27,b5758140,2
307,4b6ad8b86675,2023-04-28,c5610250,2
307,4b6ad8b86675,2023-04-28,c8609869,3
308,5a39cadd1b00,2023-04-28,z1991790,4
308,5a39cadd1b00,2023-04-28,z8164719,2
308,5a39cadd1b00,2023-04-28,b7145876,4
309,f15d449e81e8,2023-04-28,c5622854,3
309,f15d449e81e8,2023-04-28,r2024129,2
310,4c8d5b6c695d,2023-04-29,c3889878,4
311,69e12ad8d81d,2023-04-29,z8164719,4
312,ad8fa913d25b,2023-04-29,c5622854,3
312,ad8fa913d25b,2023-04-29,z8164719,1
312,ad8fa913d25b,2023-04-29,r2024129,4
313,5a8872eea42b,2023-04-30,c3889878,3
313,5a8872eea42b,2023-04-30,c3889878,4
313,5a8872eea42b,2023-04-30,r8309072,3
314,69e12ad8d81d,2023-04-30,z1238518,4
314,69e12ad8d81d,2023-04-30,c5610250,1
314,69e12ad8d81d,2023-04-30,z1238518,2
315,13b3f39cb746,2023-05-01,r8953149,4
315,13b3f39cb746,2023-05-01,c6085986,2
315,13b3f39cb746,2023-05-01,c3889878,1
316,acfb105825f3,2023-05-01,c5622854,1
316,acfb105825f3,2023-05-01,c2176477,4
316,acfb105825f3,2023-05-01,c3889878,3
317,c0d785093a27,2023-05-01,b5758140,3
317,c0d785093a27,2023-05-01,z8164719,4
318,4c8d5b6c695d,2023-05-02,r1960405,2
318,4c8d5b6c695d,2023-05-02,c5622854,3
318,4c8d5b6c695d,2023-05-02,c6085986,3
319,5a39cadd1b00,2023-05-02,c5622854,1
319,5a39cadd1b00,2023-05-02,c3889878,4
319,5a39cadd1b00,2023-05-02,c6085986,1
320,ad8fa913d25b,2023-05-02,r8309072,3
321,db3ce696964d,2023-05-02,c2003799,1
321,db3ce696964d,2023-05-02,r8953149,2
322,69e12ad8d81d,2023-05-03,r2024129,2
323,794085b394b2,2023-05-03,c2176477,3
323,794085b394b2,2023-05-03,z3948601,4
323,794085b394b2,2023-05-03,c5622854,4
324,a89d6642c31c,2023-05-03,r2024129,2
324,a89d6642c31c,2023-05-03,r1960405,1
325,ad8fa913d25b,2023-05-03,r8309072,3
326,db3ce696964d,2023-05-03,b5758140,4
326,db3ce696964d,2023-05-03,c6085986,3
327,1bde41ce9b4f,2023-05-04,b5728274,1
327,1bde41ce9b4f,2023-05-04,c9787669,3
327,1bde41ce9b4f,2023-05-04,c7565202,3
328,51984e3434d2,2023-05-04,r1960405,4
329,5a8872eea42b,2023-05-04,b5728274,1
329,5a8872eea42b,2023-05-04,c7565202,2
330,794085b394b2,2023-05-04,c2003799,4
330,794085b394b2,2023-05-04,c2176477,1
330,794085b394b2,2023-05-04,c5610250,3
331,ad8fa913d25b,2023-05-04,c8609869,1
331,ad8fa913d25b,2023-05-04,c6085986,1
332,b5a711fe7e92,2023-05-04,z1991790,3
332,b5a711fe7e92,2023-05-04,b5728274,3
332,b5a711fe7e92,2023-05-04,r1960405,1
333,db3ce696964d,2023-05-04,c6085986,3
333,db3ce696964d,2023-05-04,b5728274,2
334,794085b394b2,2023-05-05,b5728274,1
334,794085b394b2,2023-05-05,r8309072,2
335,95a10e2b9557,2023-05-05,z1238518,3
335,95a10e2b9557,2023-05-05,c7565202,1
336,ad8fa913d25b,2023-05-05,c7565202,1
336,ad8fa913d25b,2023-05-05,z1991790,2
336,ad8fa913d25b,2023-05-05,c2003799,2
337,c0d785093a27,2023-05-05,b7145876,4
337,c0d785093a27,2023-05-05,b5728274,2
338,acfb105825f3,2023-05-06,r8953149,2
339,794085b394b2,2023-05-07,z8164719,1
339,794085b394b2,2023-05-07,b5728274,2
339,794085b394b2,2023-05-07,c5622854,4
340,94962c41e17d,2023-05-07,c3889878,4
341,acfb105825f3,2023-05-07,b7145876,2
341,acfb105825f3,2023-05-07,c7565202,1
341,acfb105825f3,2023-05-07,z3948601,1
342,f15d449e81e8,2023-05-07,z1238518,4
342,f15d449e81e8,2023-05-07,c5610250,3
342,f15d449e81e8,2023-05-07,c5622854,1
343,4c8d5b6c695d,2023-05-08,r8953149,4
343,4c8d5b6c695d,2023-05-08,c3889878,1
344,5a39cadd1b00,2023-05-09,z1238518,3
344,5a39cadd1b00,2023-05-09,z1238518,2
345,b5a711fe7e92,2023-05-09,z3948601,3
346,5a8872eea42b,2023-05-10,r8953149,3
346,5a8872eea42b,2023-05-10,c8609869,3
346,5a8872eea42b,2023-05-10,r8309072,1
347,a89d6642c31c,2023-05-10,r2024129,3
348,acfb105825f3,2023-05-10,b7145876,2
348,acfb105825f3,2023-05-10,c6085986,4
349,ad8fa913d25b,2023-05-10,c6085986,2
350,13b3f39cb746,2023-05-12,b5728274,3
351,4b6ad8b86675,2023-05-13,c7565202,4
351,4b6ad8b86675,2023-05-13,c5622854,2
352,a89d6642c31c,2023-05-13,c9787669,1
353,51984e3434d2,2023-05-14,r2024129,3
354,a89d6642c31c,2023-05-14,z1238518,2
354,a89d6642c31c,2023-05-14,c6085986,4
355,db3ce696964d,2023-05-14,z1991790,2
355,db3ce696964d,2023-05-14,c5610250,4
356,13b3f39cb746,2023-05-15,c7565202,1
357,4b6ad8b86675,2023-05-15,b5758140,2
357,4b6ad8b86675,2023-05-15,z8164719,1
357,4b6ad8b86675,2023-05-15,c5622854,4
358,51984e3434d2,2023-05-15,c2003799,2
359,69e12ad8d81d,2023-05-15,b5728274,4
359,69e12ad8d81d,2023-05-15,b5728274,3
359,69e12ad8d81d,2023-05-15,b5728274,1
360,5a39cadd1b00,2023-05-16,r8953149,2
360,5a39cadd1b00,2023-05-16,r8953149,3
361,1bde41ce9b4f,2023-05-17,c8609869,3
361,1bde41ce9b4f,2023-05-17,r1960405,1
362,51984e3434d2,2023-05-17,z8164719,3
362,51984e3434d2,2023-05-17,z1991790,4
363,794085b394b2,2023-05-17,c6085986,2
364,95a10e2b9557,2023-05-17,z1238518,4
364,95a10e2b9557,2023-05-17,z1238518,3
365,acfb105825f3,2023-05-17,r8953149,4
365,acfb105825f3,2023-05-17,z1991790,1
365,acfb105825f3,2023-05-17,c2176477,4
366,c0d785093a27,2023-05-17,z8164719,3
366,c0d785093a27,2023-05-17,b5758140,2
366,c0d785093a27,2023-05-17,b5758140,1
367,69e12ad8d81d,2023-05-18,r1960405,1
367,69e12ad8d81d,2023-05-18,z1238518,2
367,69e12ad8d81d,2023-05-18,c5622854,1
368,b5a711fe7e92,2023-05-19,c8609869,2
368,b5a711fe7e92,2023-05-19,z1991790,3
369,f15d449e81e8,2023-05-19,b7145876,3
369,f15d449e81e8,2023-05-19,b5758140,3
370,69e12ad8d81d,2023-05-20,c3889878,1
370,69e12ad8d81d,2023-05-20,c2176477,1
371,ad8fa913d25b,2023-05-20,r8309072,4
371,ad8fa913d25b,2023-05-20,r2024129,1
371,ad8fa913d25b,2023-05-20,b5758140,2
372,b5a711fe7e92,2023-05-20,c3889878,3
372,b5a711fe7e92,2023-05-20,c5622854,3
373,5a39cadd1b00,2023-05-21,r8953149,4
373,5a39cadd1b00,2023-05-21,b5728274,2
374,c0d785093a27,2023-05-21,c5610250,1
374,c0d785093a27,2023-05-21,r2024129,1
375,db3ce696964d,2023-05-21,z1238518,2
375,db3ce696964d,2023-05-21,r8953149,2
375,db3ce696964d,2023-05-21,c5610250,3
376,1bde41ce9b4f,2023-05-22,b5728274,3
376,1bde41ce9b4f,2023-05-22,c2176477,3
376,1bde41ce9b4f,2023-05-22,r8309072,4
377,f15d449e81e8,2023-05-22,c8609869,1
377,f15d449e81e8,2023-05-22,b7145876,3
377,f15d449e81e8,2023-05-22,b5758140,1
378,f7cb9b960a24,2023-05-22,b5728274,4
378,f7cb9b960a24,2023-05-22,c9787669,1
379,13b3f39cb746,2023-05-23,c5622854,4
379,13b3f39cb746,2023-05-23,b5758140,2
380,94962c41e17d,2023-05-24,c5622854,1
381,95a10e2b9557,2023-05-24,b5728274,1
382,a89d6642c31c,2023-05-24,c7565202,4
382,a89d6642c31c,2023-05-24,b7145876,3
382,a89d6642c31c,2023-05-24,b5758140,4
383,acfb105825f3,2023-05-24,c6085986,3
383,acfb105825f3,2023-05-24,c8609869,4
384,13b3f39cb746,2023-05-25,r8309072,1
384,13b3f39cb746,2023-05-25,r8309072,2
385,69e12ad8d81d,2023-05-25,b5758140,3
385,69e12ad8d81d,2023-05-25,r8309072,3
385,69e12ad8d81d,2023-05-25,b5728274,3
386,db3ce696964d,2023-05-25,c2003799,1
387,13b3f39cb746,2023-05-26,z1238518,2
387,13b3f39cb746,2023-05-26,c9787669,4
387,13b3f39cb746,2023-05-26,z3948601,3
388,344ddf4c03d6,2023-05-26,c3889878,3
388,344ddf4c03d6,2023-05-26,c2003799,3
388,344ddf4c03d6,2023-05-26,c2176477,3
389,94962c41e17d,2023-05-26,c8609869,3
390,13b3f39cb746,2023-05-27,c5622854,3
390,13b3f39cb746,2023-05-27,b7145876,2
391,344ddf4c03d6,2023-05-27,b7145876,3
392,5a39cadd1b00,2023-05-28,z1238518,3
393,a89d6642c31c,2023-05-28,c2003799,4
394,c0d785093a27,2023-05-28,z1991790,3
394,c0d785093a27,2023-05-28,z8164719,3
395,344ddf4c03d6,2023-05-29,r8953149,2
395,344ddf4c03d6,2023-05-29,c8609869,2
396,51984e3434d2,2023-05-29,b5758140,2
396,51984e3434d2,2023-05-29,c6085986,4
397,4c8d5b6c695d,2023-05-30,c5622854,3
398,5a39cadd1b00,2023-05-30,r2024129,4
398,5a39cadd1b00,2023-05-30,c5610250,1
399,1bde41ce9b4f,2023-05-31,c5610250,1
399,1bde41ce9b4f,2023-05-31,b7145876,2
400,a89d6642c31c,2023-05-31,c8609869,1
400,a89d6642c31c,2023-05-31,r1960405,4
400,a89d6642c31c,2023-05-31,c7565202,1
401,1bde41ce9b4f,2023-06-01,r2024129,3
401,1bde41ce9b4f,2023-06-01,z1238518,2
401,1bde41ce9b4f,2023-06-01,z1238518,4
402,69e12ad8d81d,2023-06-02,b7145876,3
402,69e12ad8d81d,2023-06-02,z1991790,3
403,94962c41e17d,2023-06-02,r8953149,1
404,4c8d5b6c695d,2023-06-03,c5622854,2
404,4c8d5b6c695d,2023-06-03,r8309072,4
405,c0d785093a27,2023-06-03,z3948601,1
406,acfb105825f3,2023-06-04,z3948601,4
407,13b3f39cb746,2023-06-05,b5758140,4
407,13b3f39cb746,2023-06-05,r8309072,3
408,ad8fa913d25b,2023-06-05,c5610250,3
408,ad8fa913d25b,2023-06-05,c3889878,2
409,1bde41ce9b4f,2023-06-06,c7565202,1
409,1bde41ce9b4f,2023-06-06,c9787669,3
409,1bde41ce9b4f,2023-06-06,c6085986,3
410,5a39cadd1b00,2023-06-06,c7565202,2
411,95a10e2b9557,2023-06-06,c8609869,3
411,95a10e2b9557,2023-06-06,c3889878,3
411,95a10e2b9557,2023-06-06,c5622854,4
412,a89d6642c31c,2023-06-06,c3889878,2
412,a89d6642c31c,2023-06-06,c6085986,1
412,a89d6642c31c,2023-06-06,c2176477,3
413,4c8d5b6c695d,2023-06-07,z1991790,1
414,51984e3434d2,2023-06-07,c8609869,1
414,51984e3434d2,2023-06-07,c3889878,2
414,51984e3434d2,2023-06-07,b7145876,2
415,5a39cadd1b00,2023-06-07,c6085986,3
415,5a39cadd1b00,2023-06-07,c5622854,2
416,ad8fa913d25b,2023-06-07,c2003799,2
416,ad8fa913d25b,2023-06-07,z3948601,4
417,b5a711fe7e92,2023-06-07,c5622854,2
418,db3ce696964d,2023-06-07,c6085986,4
418,db3ce696964d,2023-06-07,z3948601,3
419,f15d449e81e8,2023-06-07,c7565202,3
420,5a8872eea42b,2023-06-08,c2003799,1
421,69e12ad8d81d,2023-06-08,c8609869,3
421,69e12ad8d81d,2023-06-08,b5728274,1
421,69e12ad8d81d,2023-06-08,c5610250,1
422,c0d785093a27,2023-06-08,c3889878,1
423,c0d785093a27,2023-06-09,c2003799,4
424,51984e3434d2,2023-06-10,c2176477,1
424,51984e3434d2,2023-06-10,c2176477,4
424,51984e3434d2,2023-06-10,c5610250,2
425,5a8872eea42b,2023-06-10,c6085986,2
425,5a8872eea42b,2023-06-10,c7565202,2
426,f15d449e81e8,2023-06-10,c7565202,3
426,f15d449e81e8,2023-06-10,b5758140,4
427,794085b394b2,2023-06-11,r8953149,2
427,794085b394b2,2023-06-11,c2176477,3
428,95a10e2b9557,2023-06-11,r2024129,2
428,95a10e2b9557,2023-06-11,z1238518,1
428,95a10e2b9557,2023-06-11,c5610250,3
429,a89d6642c31c,2023-06-11,c5622854,1
429,a89d6642c31c,2023-06-11,c3889878,2
429,a89d6642c31c,2023-06-11,b5728274,1
430,f7cb9b960a24,2023-06-11,z1238518,3
430,f7cb9b960a24,2023-06-11,c8609869,3
430,f7cb9b960a24,2023-06-11,c2176477,2
431,1bde41ce9b4f,2023-06-12,r8953149,1
431,1bde41ce9b4f,2023-06-12,c5622854,3
431,1bde41ce9b4f,2023-06-12,r2024129,4
432,51984e3434d2,2023-06-12,c6085986,4
432,51984e3434d2,2023-06-12,z3948601,1
433,a89d6642c31c,2023-06-12,b5728274,4
433,a89d6642c31c,2023-06-12,c5610250,2
433,a89d6642c31c,2023-06-12,b7145876,3
434,5a39cadd1b00,2023-06-13,c2176477,2
435,1bde41ce9b4f,2023-06-14,b5728274,1
435,1bde41ce9b4f,2023-06-14,c7565202,1
436,5a8872eea42b,2023-06-14,c5610250,4
436,5a8872eea42b,2023-06-14,c9787669,1
436,5a8872eea42b,2023-06-14,b5758140,3
437,acfb105825f3,2023-06-14,z3948601,2
437,acfb105825f3,2023-06-14,c3889878,2
438,acfb105825f3,2023-06-15,z1991790,3
438,acfb105825f3,2023-06-15,c2176477,2
439,b5a711fe7e92,2023-06-16,c9787669,2
439,b5a711fe7e92,2023-06-16,c5622854,4
439,b5a711fe7e92,2023-06-16,c2003799,4
440,db3ce696964d,2023-06-16,z8164719,2
440,db3ce696964d,2023-06-16,z3948601,1
440,db3ce696964d,2023-06-16,c3889878,3
441,f7cb9b960a24,2023-06-16,b7145876,4
441,f7cb9b960a24,2023-06-16,c3889878,1
441,f7cb9b960a24,2023-06-16,c7565202,4
442,13b3f39cb746,2023-06-17,c2003799,1
442,13b3f39cb746,2023-06-17,r1960405,1
442,13b3f39cb746,2023-06-17,c8609869,4
443,51984e3434d2,2023-06-17,r2024129,2
444,69e12ad8d81d,2023-06-17,z3948601,4
444,69e12ad8d81d,2023-06-17,c5622854,3
445,95a10e2b9557,2023-06-17,c8609869,1
446,b5a711fe7e92,2023-06-17,c8609869,3
446,b5a711fe7e92,2023-06-17,b5728274,1
447,4c8d5b6c695d,2023-06-18,r2024129,1
448,69e12ad8d81d,2023-06-18,c2003799,4
448,69e12ad8d81d,2023-06-18,b5728274,2
448,69e12ad8d81d,2023-06-18,r8309072,3
449,794085b394b2,2023-06-18,c5610250,2
450,a89d6642c31c,2023-06-18,z8164719,1
450,a89d6642c31c,2023-06-18,c8609869,1
451,4b6ad8b86675,2023-06-19,c5622854,3
452,51984e3434d2,2023-06-19,r8953149,2
453,5a39cadd1b00,2023-06-19,c6085986,2
454,69e12ad8d81d,2023-06-19,z8164719,3
454,69e12ad8d81d,2023-06-19,b5728274,4
454,69e12ad8d81d,2023-06-19,z1238518,1
455,794085b394b2,2023-06-19,c5622854,4
456,b5a711fe7e92,2023-06-19,b5728274,3
456,b5a711fe7e92,2023-06-19,r8953149,1
456,b5a711fe7e92,2023-06-19,c2003799,2
457,f15d449e81e8,2023-06-19,r2024129,4
457,f15d449e81e8,2023-06-19,c9787669,3
457,f15d449e81e8,2023-06-19,c7565202,2
458,b5a711fe7e92,2023-06-20,c2176477,2
459,db3ce696964d,2023-06-20,c3889878,4
460,94962c41e17d,2023-06-21,r2024129,3
460,94962c41e17d,2023-06-21,c7565202,2
461,db3ce696964d,2023-06-21,z1238518,3
462,5a39cadd1b00,2023-06-22,c5622854,4
463,5a8872eea42b,2023-06-22,c2003799,4
464,ad8fa913d25b,2023-06-22,c2003799,4
464,ad8fa913d25b,2023-06-22,c2176477,2
464,ad8fa913d25b,2023-06-22,r1960405,2
465,13b3f39cb746,2023-06-23,z1238518,4
466,51984e3434d2,2023-06-23,r1960405,3
466,51984e3434d2,2023-06-23,c5622854,2
467,5a8872eea42b,2023-06-23,r1960405,2
467,5a8872eea42b,2023-06-23,z3948601,3
467,5a8872eea42b,2023-06-23,r8309072,4
468,69e12ad8d81d,2023-06-23,r2024129,2
469,f7cb9b960a24,2023-06-23,c5610250,3
469,f7cb9b960a24,2023-06-23,c7565202,2
470,1bde41ce9b4f,2023-06-24,z1991790,4
471,51984e3434d2,2023-06-24,r8953149,1
471,51984e3434d2,2023-06-24,c7565202,3
471,51984e3434d2,2023-06-24,r1960405,2
472,794085b394b2,2023-06-24,c3889878,1
472,794085b394b2,2023-06-24,c5622854,4
472,794085b394b2,2023-06-24,r8953149,3
473,a89d6642c31c,2023-06-24,c2176477,4
473,a89d6642c31c,2023-06-24,z3948601,4
474,c0d785093a27,2023-06-24,c9787669,3
474,c0d785093a27,2023-06-24,c5622854,4
474,c0d785093a27,2023-06-24,r8953149,3
475,db3ce696964d,2023-06-24,c2176477,4
476,94962c41e17d,2023-06-25,r2024129,2
476,94962c41e17d,2023-06-25,c9787669,4
476,94962c41e17d,2023-06-25,r8309072,4
477,4c8d5b6c695d,2023-06-26,z1238518,2
477,4c8d5b6c695d,2023-06-26,c5610250,2
478,5a8872eea42b,2023-06-26,c6085986,3
478,5a8872eea42b,2023-06-26,c2176477,1
479,ad8fa913d25b,2023-06-26,c3889878,2
479,ad8fa913d25b,2023-06-26,z8164719,2
480,db3ce696964d,2023-06-26,c6085986,3
481,1bde41ce9b4f,2023-06-27,r2024129,2
481,1bde41ce9b4f,2023-06-27,c3889878,2
481,1bde41ce9b4f,2023-06-27,c5622854,2
482,794085b394b2,2023-06-27,b7145876,2
482,794085b394b2,2023-06-27,b5758140,3
482,794085b394b2,2023-06-27,c7565202,3
483,a89d6642c31c,2023-06-27,c2176477,2
483,a89d6642c31c,2023-06-27,c9787669,1
483,a89d6642c31c,2023-06-27,r8309072,3
484,b5a711fe7e92,2023-06-27,b5728274,2
484,b5a711fe7e92,2023-06-27,z8164719,4
484,b5a711fe7e92,2023-06-27,b5758140,4
485,1bde41ce9b4f,2023-06-28,r2024129,4
486,4c8d5b6c695d,2023-06-28,c8609869,2
486,4c8d5b6c695d,2023-06-28,r8309072,4
487,1bde41ce9b4f,2023-06-29,z1991790,2
488,f15d449e81e8,2023-06-29,b5728274,2
488,f15d449e81e8,2023-06-29,c6085986,1
488,f15d449e81e8,2023-06-29,r1960405,3
489,f7cb9b960a24,2023-06-29,b5758140,3
490,94962c41e17d,2023-06-30,c8609869,2
490,94962c41e17d,2023-06-30,z8164719,4
491,1bde41ce9b4f,2023-07-01,b7145876,4
491,1bde41ce9b4f,2023-07-01,c2003799,1
492,a89d6642c31c,2023-07-01,r8309072,4
492,a89d6642c31c,2023-07-01,c3889878,3
492,a89d6642c31c,2023-07-01,z3948601,3
493,db3ce696964d,2023-07-01,c2176477,3
494,f7cb9b960a24,2023-07-01,r1960405,4
494,f7cb9b960a24,2023-07-01,r1960405,4
494,f7cb9b960a24,2023-07-01,b5758140,4
495,13b3f39cb746,2023-07-02,c3889878,4
495,13b3f39cb746,2023-07-02,c2003799,1
495,13b3f39cb746,2023-07-02,z1238518,2
496,51984e3434d2,2023-07-02,c2176477,3
497,94962c41e17d,2023-07-02,c9787669,2
497,94962c41e17d,2023-07-02,c6085986,4
497,94962c41e17d,2023-07-02,b7145876,4
498,51984e3434d2,2023-07-03,z3948601,3
498,51984e3434d2,2023-07-03,b7145876,4
499,c0d785093a27,2023-07-03,b7145876,3
499,c0d785093a27,2023-07-03,b7145876,4
499,c0d785093a27,2023-07-03,c7565202,1
500,f15d449e81e8,2023-07-03,z3948601,3
500,f15d449e81e8,2023-07-03,c3889878,4
501,a89d6642c31c,2023-07-04,c7565202,3
501,a89d6642c31c,2023-07-04,c5610250,2
501,a89d6642c31c,2023-07-04,b5728274,2
502,ad8fa913d25b,2023-07-04,b5758140,3
503,c0d785093a27,2023-07-04,c2003799,3
503,c0d785093a27,2023-07-04,c9787669,1
503,c0d785093a27,2023-07-04,b7145876,4
504,794085b394b2,2023-07-05,c2003799,4
504,794085b394b2,2023-07-05,c5610250,3
504,794085b394b2,2023-07-05,b7145876,2
505,acfb105825f3,2023-07-05,z8164719,4
506,db3ce696964d,2023-07-05,r8309072,2
507,13b3f39cb746,2023-07-06,z8164719,4
507,13b3f39cb746,2023-07-06,r8953149,3
508,344ddf4c03d6,2023-07-07,b5728274,1
509,4b6ad8b86675,2023-07-07,z3948601,4
509,4b6ad8b86675,2023-07-07,z1991790,2
510,5a8872eea42b,2023-07-07,c3889878,2
510,5a8872eea42b,2023-07-07,c5610250,1
511,794085b394b2,2023-07-07,z1991790,1
511,794085b394b2,2023-07-07,z1238518,1
512,69e12ad8d81d,2023-07-08,c6085986,2
512,69e12ad8d81d,2023-07-08,c3889878,4
513,794085b394b2,2023-07-08,z1991790,2
514,b5a711fe7e92,2023-07-08,b5728274,2
515,c0d785093a27,2023-07-08,c6085986,1
515,c0d785093a27,2023-07-08,c3889878,4
516,13b3f39cb746,2023-07-09,z1238518,3
517,4b6ad8b86675,2023-07-09,r2024129,4
517,4b6ad8b86675,2023-07-09,c2003799,3
517,4b6ad8b86675,2023-07-09,c5610250,3
518,51984e3434d2,2023-07-09,c5610250,1
518,51984e3434d2,2023-07-09,c7565202,1
518,51984e3434d2,2023-07-09,c9787669,4
519,794085b394b2,2023-07-09,z1238518,2
520,ad8fa913d25b,2023-07-09,z1991790,2
521,69e12ad8d81d,2023-07-10,c7565202,1
521,69e12ad8d81d,2023-07-10,b7145876,2
521,69e12ad8d81d,2023-07-10,b5758140,4
522,13b3f39cb746,2023-07-11,b7145876,1
522,13b3f39cb746,2023-07-11,b7145876,2
523,69e12ad8d81d,2023-07-11,c8609869,2
523,69e12ad8d81d,2023-07-11,r1960405,4
524,a89d6642c31c,2023-07-11,c5610250,1
524,a89d6642c31c,2023-07-11,c5610250,1
525,1bde41ce9b4f,2023-07-12,c5610250,2
525,1bde41ce9b4f,2023-07-12,z8164719,4
526,344ddf4c03d6,2023-07-12,c2176477,3
526,344ddf4c03d6,2023-07-12,c5622854,3
527,5a39cadd1b00,2023-07-12,c9787669,1
527,5a39cadd1b00,2023-07-12,r2024129,2
527,5a39cadd1b00,2023-07-12,z8164719,2
528,94962c41e17d,2023-07-12,b5758140,1
529,a89d6642c31c,2023-07-12,c5610250,1
529,a89d6642c31c,2023-07-12,c5622854,1
530,344ddf4c03d6,2023-07-13,z8164719,4
530,344ddf4c03d6,2023-07-13,z1238518,2
531,4b6ad8b86675,2023-07-13,r8309072,2
531,4b6ad8b86675,2023-07-13,z1238518,2
531,4b6ad8b86675,2023-07-13,r1960405,2
532,4c8d5b6c695d,2023-07-13,b5758140,3
532,4c8d5b6c695d,2023-07-13,r2024129,4
532,4c8d5b6c695d,2023-07-13,z1238518,2
533,a89d6642c31c,2023-07-13,c2176477,3
533,a89d6642c31c,2023-07-13,c3889878,2
533,a89d6642c31c,2023-07-13,c2003799,4
534,344ddf4c03d6,2023-07-14,r8953149,4
535,51984e3434d2,2023-07-14,z1991790,2
535,51984e3434d2,2023-07-14,c5622854,1
535,51984e3434d2,2023-07-14,b5728274,1
536,5a8872eea42b,2023-07-14,c8609869,2
537,794085b394b2,2023-07-14,c5610250,4
537,794085b394b2,2023-07-14,c9787669,3
537,794085b394b2,2023-07-14,c8609869,2
538,94962c41e17d,2023-07-14,b5758140,3
539,db3ce696964d,2023-07-14,c9787669,3
540,f7cb9b960a24,2023-07-14,z8164719,1
540,f7cb9b960a24,2023-07-14,z8164719,2
540,f7cb9b960a24,2023-07-14,z1238518,1
541,794085b394b2,2023-07-15,r8309072,2
541,794085b394b2,2023-07-15,z1238518,1
542,db3ce696964d,2023-07-15,c7565202,1
542,db3ce696964d,2023-07-15,z1991790,1
543,95a10e2b9557,2023-07-16,z8164719,4
543,95a10e2b9557,2023-07-16,c5610250,1
544,b5a711fe7e92,2023-07-16,z1238518,2
544,b5a711fe7e92,2023-07-16,c8609869,2
545,c0d785093a27,2023-07-16,r2024129,1
545,c0d785093a27,2023-07-16,c6085986,3
546,f15d449e81e8,2023-07-16,z1238518,2
546,f15d449e81e8,2023-07-16,c2176477,4
547,13b3f39cb746,2023-07-17,z8164719,3
548,4b6ad8b86675,2023-07-17,z1238518,3
548,4b6ad8b86675,2023-07-17,b5758140,1
549,4c8d5b6c695d,2023-07-17,r1960405,1
549,4c8d5b6c695d,2023-07-17,c8609869,2
549,4c8d5b6c695d,2023-07-17,b5728274,3
550,51984e3434d2,2023-07-17,c3889878,3
551,94962c41e17d,2023-07-17,c5622854,1
552,b5a711fe7e92,2023-07-17,c8609869,2
552,b5a711fe7e92,2023-07-17,z1238518,1
553,f15d449e81e8,2023-07-17,z8164719,3
554,1bde41ce9b4f,2023-07-18,c6085986,1
555,51984e3434d2,2023-07-18,r8953149,2
555,51984e3434d2,2023-07-18,c5610250,1
556,13b3f39cb746,2023-07-19,z8164719,3
556,13b3f39cb746,2023-07-19,c5622854,4
557,4c8d5b6c695d,2023-07-19,c2003799,4
557,4c8d5b6c695d,2023-07-19,z1991790,4
557,4c8d5b6c695d,2023-07-19,z1991790,3
558,5a8872eea42b,2023-07-19,c5622854,1
558,5a8872eea42b,2023-07-19,c8609869,2
558,5a8872eea42b,2023-07-19,b7145876,2
559,95a10e2b9557,2023-07-19,c6085986,1
559,95a10e2b9557,2023-07-19,r2024129,4
560,ad8fa913d25b,2023-07-19,c5622854,1
560,ad8fa913d25b,2023-07-19,z1991790,3
561,b5a711fe7e92,2023-07-19,r8309072,3
562,f7cb9b960a24,2023-07-19,r8309072,2
562,f7cb9b960a24,2023-07-19,c2003799,2
563,13b3f39cb746,2023-07-20,r1960405,3
563,13b3f39cb746,2023-07-20,c5622854,2
563,13b3f39cb746,2023-07-20,z1238518,4
564,13b3f39cb746,2023-07-21,c3889878,3
564,13b3f39cb746,2023-07-21,c3889878,1
564,13b3f39cb746,2023-07-21,r8309072,4
565,5a8872eea42b,2023-07-21,c8609869,2
565,5a8872eea42b,2023-07-21,b5758140,1
566,db3ce696964d,2023-07-21,r8309072,4
567,f15d449e81e8,2023-07-21,r1960405,1
568,4b6ad8b86675,2023-07-23,b7145876,4
568,4b6ad8b86675,2023-07-23,r2024129,4
568,4b6ad8b86675,2023-07-23,r1960405,3
569,51984e3434d2,2023-07-23,c7565202,3
569,51984e3434d2,2023-07-23,c7565202,2
570,b5a711fe7e92,2023-07-23,c2003799,4
570,b5a711fe7e92,2023-07-23,z1991790,2
571,c0d785093a27,2023-07-23,z1991790,1
571,c0d785093a27,2023-07-23,b5758140,4
571,c0d785093a27,2023-07-23,c5610250,4
572,f15d449e81e8,2023-07-23,c2176477,3
572,f15d449e81e8,2023-07-23,c3889878,2
572,f15d449e81e8,2023-07-23,z1238518,2
573,b5a711fe7e92,2023-07-24,c8609869,2
573,b5a711fe7e92,2023-07-24,b5728274,1
574,1bde41ce9b4f,2023-07-25,b7145876,4
575,51984e3434d2,2023-07-26,c7565202,3
575,51984e3434d2,2023-07-26,c2003799,4
575,51984e3434d2,2023-07-26,z3948601,4
576,5a8872eea42b,2023-07-26,z1991790,4
576,5a8872eea42b,2023-07-26,c5610250,3
576,5a8872eea42b,2023-07-26,b5758140,4
577,69e12ad8d81d,2023-07-26,c8609869,1
577,69e12ad8d81d,2023-07-26,r8953149,1
578,ad8fa913d25b,2023-07-26,b5758140,1
579,4c8d5b6c695d,2023-07-27,r8309072,4
580,4c8d5b6c695d,2023-07-28,b5758140,3
581,51984e3434d2,2023-07-28,r2024129,1
581,51984e3434d2,2023-07-28,c2176477,3
582,794085b394b2,2023-07-28,c2176477,3
582,794085b394b2,2023-07-28,b5728274,4
583,94962c41e17d,2023-07-28,c8609869,1
583,94962c41e17d,2023-07-28,c9787669,1
584,b5a711fe7e92,2023-07-28,c9787669,1
584,b5a711fe7e92,2023-07-28,r1960405,1
584,b5a711fe7e92,2023-07-28,r8309072,3
585,f15d449e81e8,2023-07-28,c7565202,4
585,f15d449e81e8,2023-07-28,c5622854,1
586,95a10e2b9557,2023-07-29,c7565202,1
586,95a10e2b9557,2023-07-29,b7145876,2
586,95a10e2b9557,2023-07-29,b5758140,3
587,1bde41ce9b4f,2023-07-30,c5610250,1
587,1bde41ce9b4f,2023-07-30,r2024129,1
588,69e12ad8d81d,2023-07-30,z3948601,1
588,69e12ad8d81d,2023-07-30,c3889878,1
589,f15d449e81e8,2023-07-30,z1991790,3
590,4b6ad8b86675,2023-07-31,z1991790,2
590,4b6ad8b86675,2023-07-31,c2176477,1
591,5a39cadd1b00,2023-07-31,z8164719,3
591,5a39cadd1b00,2023-07-31,z3948601,1
592,5a8872eea42b,2023-07-31,r8953149,3
592,5a8872eea42b,2023-07-31,r2024129,4
592,5a8872eea42b,2023-07-31,c9787669,4
593,a89d6642c31c,2023-07-31,c5622854,1
593,a89d6642c31c,2023-07-31,c9787669,3
593,a89d6642c31c,2023-07-31,c2003799,2
594,95a10e2b9557,2023-08-01,c6085986,2
594,95a10e2b9557,2023-08-01,z8164719,3
594,95a10e2b9557,2023-08-01,b5728274,4
595,f7cb9b960a24,2023-08-01,c2176477,3
595,f7cb9b960a24,2023-08-01,c7565202,3
596,1bde41ce9b4f,2023-08-02,c9787669,2
596,1bde41ce9b4f,2023-08-02,b5728274,4
597,94962c41e17d,2023-08-02,r8953149,3
597,94962c41e17d,2023-08-02,c6085986,4
597,94962c41e17d,2023-08-02,r8309072,4
598,a89d6642c31c,2023-08-02,c5610250,3
598,a89d6642c31c,2023-08-02,r8309072,4
598,a89d6642c31c,2023-08-02,c8609869,1
599,acfb105825f3,2023-08-02,b7145876,3
599,acfb105825f3,2023-08-02,z1991790,3
600,db3ce696964d,2023-08-02,b5758140,1
600,db3ce696964d,2023-08-02,b5728274,1
600,db3ce696964d,2023-08-02,b7145876,4
601,5a39cadd1b00,2023-08-03,r2024129,1
602,5a39cadd1b00,2023-08-04,r2024129,2
603,ad8fa913d25b,2023-08-04,z8164719,4
603,ad8fa913d25b,2023-08-04,b5758140,3
603,ad8fa913d25b,2023-08-04,c7565202,2
604,db3ce696964d,2023-08-04,c2176477,3
604,db3ce696964d,2023-08-04,r1960405,2
604,db3ce696964d,2023-08-04,c9787669,2
605,344ddf4c03d6,2023-08-05,c5622854,3
605,344ddf4c03d6,2023-08-05,z1991790,2
606,b5a711fe7e92,2023-08-05,z1238518,3
606,b5a711fe7e92,2023-08-05,b5758140,2
606,b5a711fe7e92,2023-08-05,z1238518,3
607,f15d449e81e8,2023-08-05,c5622854,3
607,f15d449e81e8,2023-08-05,r8953149,4
608,a89d6642c31c,2023-08-06,c2176477,2
609,db3ce696964d,2023-08-06,b5758140,4
609,db3ce696964d,2023-08-06,c3889878,2
610,13b3f39cb746,2023-08-07,r1960405,2
610,13b3f39cb746,2023-08-07,c6085986,4
610,13b3f39cb746,2023-08-07,c5622854,3
611,344ddf4c03d6,2023-08-07,b5728274,2
611,344ddf4c03d6,2023-08-07,z3948601,4
611,344ddf4c03d6,2023-08-07,c3889878,1
612,4c8d5b6c695d,2023-08-07,z1991790,1
612,4c8d5b6c695d,2023-08-07,b5728274,2
613,5a39cadd1b00,2023-08-07,b5758140,3
613,5a39cadd1b00,2023-08-07,z1991790,2
613,5a39cadd1b00,2023-08-07,c9787669,1
614,95a10e2b9557,2023-08-07,c5610250,2
615,a89d6642c31c,2023-08-07,c3889878,3
615,a89d6642c31c,2023-08-07,c9787669,4
616,b5a711fe7e92,2023-08-07,r1960405,3
616,b5a711fe7e92,2023-08-07,r2024129,3
616,b5a711fe7e92,2023-08-07,c5622854,4
617,f7cb9b960a24,2023-08-07,c6085986,1
618,4b6ad8b86675,2023-08-08,c2176477,2
619,69e12ad8d81d,2023-08-08,z1991790,2
619,69e12ad8d81d,2023-08-08,r8309072,1
619,69e12ad8d81d,2023-08-08,c5610250,3
620,acfb105825f3,2023-08-08,z1991790,3
620,acfb105825f3,2023-08-08,r2024129,2
620,acfb105825f3,2023-08-08,r1960405,4
621,db3ce696964d,2023-08-08,c3889878,1
621,db3ce696964d,2023-08-08,c9787669,2
621,db3ce696964d,2023-08-08,z8164719,3
622,13b3f39cb746,2023-08-10,r8309072,3
622,13b3f39cb746,2023-08-10,z3948601,2
623,acfb105825f3,2023-08-10,z1238518,2
624,69e12ad8d81d,2023-08-11,b7145876,4
624,69e12ad8d81d,2023-08-11,r8953149,4
624,69e12ad8d81d,2023-08-11,c6085986,1
625,794085b394b2,2023-08-11,r2024129,2
625,794085b394b2,2023-08-11,c7565202,3
626,95a10e2b9557,2023-08-11,c9787669,3
627,5a8872eea42b,2023-08-12,c3889878,2
628,db3ce696964d,2023-08-12,z8164719,3
629,acfb105825f3,2023-08-13,b7145876,2
629,acfb105825f3,2023-08-13,r8309072,3
630,ad8fa913d25b,2023-08-13,r8953149,3
631,51984e3434d2,2023-08-14,r8953149,1
631,51984e3434d2,2023-08-14,z1238518,2
632,acfb105825f3,2023-08-14,c2003799,2
633,f7cb9b960a24,2023-08-14,c5610250,2
633,f7cb9b960a24,2023-08-14,c5622854,1
633,f7cb9b960a24,2023-08-14,c9787669,1
634,344ddf4c03d6,2023-08-15,b5758140,1
634,344ddf4c03d6,2023-08-15,z1991790,4
635,f7cb9b960a24,2023-08-15,c5610250,3
635,f7cb9b960a24,2023-08-15,r8953149,4
636,13b3f39cb746,2023-08-16,z1238518,3
636,13b3f39cb746,2023-08-16,r1960405,3
637,4c8d5b6c695d,2023-08-16,c2176477,4
638,69e12ad8d81d,2023-08-16,c9787669,4
638,69e12ad8d81d,2023-08-16,r2024129,3
639,4c8d5b6c695d,2023-08-17,r8953149,4
639,4c8d5b6c695d,2023-08-17,b7145876,4
639,4c8d5b6c695d,2023-08-17,z8164719,1
640,51984e3434d2,2023-08-17,c5610250,3
641,a89d6642c31c,2023-08-17,r1960405,1
641,a89d6642c31c,2023-08-17,c9787669,1
641,a89d6642c31c,2023-08-17,c9787669,4
642,c0d785093a27,2023-08-17,z3948601,4
642,c0d785093a27,2023-08-17,r8309072,4
642,c0d785093a27,2023-08-17,c6085986,2
643,f15d449e81e8,2023-08-17,b5758140,3
643,f15d449e81e8,2023-08-17,z8164719,2
643,f15d449e81e8,2023-08-17,c7565202,2
644,5a8872eea42b,2023-08-18,z1238518,3
645,b5a711fe7e92,2023-08-18,b7145876,2
646,db3ce696964d,2023-08-18,z8164719,1
646,db3ce696964d,2023-08-18,c6085986,4
646,db3ce696964d,2023-08-18,b5728274,4
647,13b3f39cb746,2023-08-19,c6085986,1
648,1bde41ce9b4f,2023-08-19,c8609869,1
648,1bde41ce9b4f,2023-08-19,c5610250,4
649,344ddf4c03d6,2023-08-19,c6085986,2
649,344ddf4c03d6,2023-08-19,c6085986,2
650,db3ce696964d,2023-08-19,r8309072,4
650,db3ce696964d,2023-08-19,b5758140,4
651,344ddf4c03d6,2023-08-20,z3948601,3
652,95a10e2b9557,2023-08-20,c6085986,3
652,95a10e2b9557,2023-08-20,z1991790,3
653,344ddf4c03d6,2023-08-21,c6085986,4
653,344ddf4c03d6,2023-08-21,r8309072,4
654,a89d6642c31c,2023-08-21,c9787669,4
654,a89d6642c31c,2023-08-21,r1960405,4
655,5a39cadd1b00,2023-08-22,c5610250,3
655,5a39cadd1b00,2023-08-22,c5622854,2
655,5a39cadd1b00,2023-08-22,c5622854,1
656,794085b394b2,2023-08-23,c8609869,3
657,f15d449e81e8,2023-08-23,c8609869,4
657,f15d449e81e8,2023-08-23,b7145876,1
657,f15d449e81e8,2023-08-23,r1960405,1
658,a89d6642c31c,2023-08-24,b5758140,3
658,a89d6642c31c,2023-08-24,c8609869,4
659,1bde41ce9b4f,2023-08-25,z1991790,3
659,1bde41ce9b4f,2023-08-25,c2176477,2
659,1bde41ce9b4f,2023-08-25,b5728274,4
660,794085b394b2,2023-08-27,r8953149,4
660,794085b394b2,2023-08-27,c5622854,1
661,95a10e2b9557,2023-08-27,r1960405,3
661,95a10e2b9557,2023-08-27,r8309072,2
662,f15d449e81e8,2023-08-27,c5610250,3
662,f15d449e81e8,2023-08-27,c5610250,4
663,69e12ad8d81d,2023-08-28,b5758140,4
664,95a10e2b9557,2023-08-28,z1991790,2
664,95a10e2b9557,2023-08-28,c8609869,2
665,1bde41ce9b4f,2023-08-29,b7145876,2
665,1bde41ce9b4f,2023-08-29,c5622854,1
666,c0d785093a27,2023-08-29,c3889878,3
666,c0d785093a27,2023-08-29,r1960405,2
666,c0d785093a27,2023-08-29,c8609869,1
667,ad8fa913d25b,2023-08-30,c3889878,4
667,ad8fa913d25b,2023-08-30,z1991790,4
667,ad8fa913d25b,2023-08-30,z8164719,4
668,ad8fa913d25b,2023-08-31,b5728274,3
669,f15d449e81e8,2023-08-31,c2003799,1
669,f15d449e81e8,2023-08-31,r2024129,4
669,f15d449e81e8,2023-08-31,b7145876,1
670,794085b394b2,2023-09-01,b5728274,1
671,ad8fa913d25b,2023-09-01,c8609869,2
672,b5a711fe7e92,2023-09-01,c9787669,4
672,b5a711fe7e92,2023-09-01,r8953149,1
673,c0d785093a27,2023-09-01,c6085986,3
673,c0d785093a27,2023-09-01,z1991790,1
674,db3ce696964d,2023-09-01,z1238518,2
675,b5a711fe7e92,2023-09-02,b5758140,3
675,b5a711fe7e92,2023-09-02,r8953149,4
675,b5a711fe7e92,2023-09-02,c5610250,4
676,1bde41ce9b4f,2023-09-03,c5610250,2
676,1bde41ce9b4f,2023-09-03,c6085986,3
677,344ddf4c03d6,2023-09-03,r8309072,3
677,344ddf4c03d6,2023-09-03,z8164719,4
677,344ddf4c03d6,2023-09-03,z1238518,1
678,4b6ad8b86675,2023-09-04,r8309072,2
679,a89d6642c31c,2023-09-04,b7145876,2
679,a89d6642c31c,2023-09-04,r8953149,2
679,a89d6642c31c,2023-09-04,c6085986,4
680,f7cb9b960a24,2023-09-04,b5758140,1
680,f7cb9b960a24,2023-09-04,c9787669,1
681,794085b394b2,2023-09-05,c7565202,4
681,794085b394b2,2023-09-05,r2024129,2
681,794085b394b2,2023-09-05,c7565202,3
682,db3ce696964d,2023-09-05,c2176477,4
682,db3ce696964d,2023-09-05,c5610250,1
683,13b3f39cb746,2023-09-06,r2024129,4
683,13b3f39cb746,2023-09-06,c2003799,4
683,13b3f39cb746,2023-09-06,z3948601,3
684,5a39cadd1b00,2023-09-06,c9787669,4
684,5a39cadd1b00,2023-09-06,c7565202,2
685,794085b394b2,2023-09-06,r8309072,2
686,95a10e2b9557,2023-09-06,c2003799,3
687,f7cb9b960a24,2023-09-06,c6085986,3
688,344ddf4c03d6,2023-09-07,c9787669,4
688,344ddf4c03d6,2023-09-07,b5728274,1
688,344ddf4c03d6,2023-09-07,r8953149,3
689,4c8d5b6c695d,2023-09-07,r8953149,4
689,4c8d5b6c695d,2023-09-07,r2024129,3
689,4c8d5b6c695d,2023-09-07,b5758140,1
690,794085b394b2,2023-09-07,z3948601,4
690,794085b394b2,2023-09-07,c9787669,4
691,95a10e2b9557,2023-09-07,c3889878,4
691,95a10e2b9557,2023-09-07,c5622854,1
691,95a10e2b9557,2023-09-07,r8309072,2
692,b5a711fe7e92,2023-09-07,c6085986,3
692,b5a711fe7e92,2023-09-07,c9787669,2
692,b5a711fe7e92,2023-09-07,z3948601,2
693,db3ce696964d,2023-09-07,c8609869,3
694,1bde41ce9b4f,2023-09-08,c2003799,1
695,13b3f39cb746,2023-09-09,r1960405,1
696,51984e3434d2,2023-09-09,c7565202,2
696,51984e3434d2,2023-09-09,r1960405,4
696,51984e3434d2,2023-09-09,b5758140,3
697,13b3f39cb746,2023-09-10,r8953149,3
697,13b3f39cb746,2023-09-10,c5622854,1
698,344ddf4c03d6,2023-09-10,r1960405,4
699,4c8d5b6c695d,2023-09-10,c2003799,4
699,4c8d5b6c695d,2023-09-10,z1238518,4
700,5a39cadd1b00,2023-09-10,c2176477,4
700,5a39cadd1b00,2023-09-10,z3948601,3
700,5a39cadd1b00,2023-09-10,c2003799,4
701,b5a711fe7e92,2023-09-10,b5758140,2
701,b5a711fe7e92,2023-09-10,z3948601,4
702,95a10e2b9557,2023-09-11,c2176477,1
702,95a10e2b9557,2023-09-11,c9787669,2
703,5a39cadd1b00,2023-09-12,c2176477,4
703,5a39cadd1b00,2023-09-12,r8309072,1
704,acfb105825f3,2023-09-12,r1960405,1
704,acfb105825f3,2023-09-12,c5622854,1
705,344ddf4c03d6,2023-09-13,c6085986,1
705,344ddf4c03d6,2023-09-13,b7145876,2
705,344ddf4c03d6,2023-09-13,r8953149,1
706,4c8d5b6c695d,2023-09-14,r8309072,2
706,4c8d5b6c695d,2023-09-14,c9787669,4
707,f7cb9b960a24,2023-09-14,b5728274,1
708,acfb105825f3,2023-09-15,c2176477,3
708,acfb105825f3,2023-09-15,z3948601,2
708,acfb105825f3,2023-09-15,r1960405,1
709,db3ce696964d,2023-09-16,b5728274,1
710,5a39cadd1b00,2023-09-17,b7145876,1
710,5a39cadd1b00,2023-09-17,z1238518,3
710,5a39cadd1b00,2023-09-17,c3889878,1
711,69e12ad8d81d,2023-09-17,z3948601,3
711,69e12ad8d81d,2023-09-17,c6085986,2
712,794085b394b2,2023-09-17,c5622854,2
712,794085b394b2,2023-09-17,r8953149,3
713,acfb105825f3,2023-09-17,z8164719,4
713,acfb105825f3,2023-09-17,z8164719,1
713,acfb105825f3,2023-09-17,z1238518,4
714,4c8d5b6c695d,2023-09-18,z3948601,2
715,ad8fa913d25b,2023-09-18,c5610250,4
716,13b3f39cb746,2023-09-19,z1238518,1
717,51984e3434d2,2023-09-19,b5758140,1
717,51984e3434d2,2023-09-19,c5610250,1
717,51984e3434d2,2023-09-19,r2024129,1
718,94962c41e17d,2023-09-20,c2176477,1
718,94962c41e17d,2023-09-20,b7145876,4
719,f7cb9b960a24,2023-09-20,c6085986,3
719,f7cb9b960a24,2023-09-20,c5622854,4
719,f7cb9b960a24,2023-09-20,c9787669,2
720,5a8872eea42b,2023-09-21,r2024129,3
720,5a8872eea42b,2023-09-21,c2003799,2
721,acfb105825f3,2023-09-22,c6085986,2
721,acfb105825f3,2023-09-22,z1991790,4
722,db3ce696964d,2023-09-22,c6085986,4
723,f7cb9b960a24,2023-09-22,c5622854,3
723,f7cb9b960a24,2023-09-22,r1960405,3
723,f7cb9b960a24,2023-09-22,c5622854,1
724,4c8d5b6c695d,2023-09-23,r8953149,2
724,4c8d5b6c695d,2023-09-23,r8309072,1
725,a89d6642c31c,2023-09-24,z1238518,4
725,a89d6642c31c,2023-09-24,z1238518,4
726,db3ce696964d,2023-09-24,c9787669,3
726,db3ce696964d,2023-09-24,z3948601,3
727,f7cb9b960a24,2023-09-24,c8609869,4
727,f7cb9b960a24,2023-09-24,c2003799,1
728,51984e3434d2,2023-09-25,c8609869,2
729,95a10e2b9557,2023-09-25,b5758140,4
729,95a10e2b9557,2023-09-25,r2024129,3
730,a89d6642c31c,2023-09-25,z8164719,3
730,a89d6642c31c,2023-09-25,z3948601,1
731,1bde41ce9b4f,2023-09-26,r1960405,3
731,1bde41ce9b4f,2023-09-26,z8164719,4
732,344ddf4c03d6,2023-09-26,c6085986,1
733,acfb105825f3,2023-09-26,z1238518,3
733,acfb105825f3,2023-09-26,r2024129,1
733,acfb105825f3,2023-09-26,r8309072,3
734,51984e3434d2,2023-09-27,z3948601,3
735,db3ce696964d,2023-09-27,r8953149,3
735,db3ce696964d,2023-09-27,c2003799,2
736,f7cb9b960a24,2023-09-29,z8164719,2
736,f7cb9b960a24,2023-09-29,c2176477,2
737,344ddf4c03d6,2023-09-30,r8953149,2
737,344ddf4c03d6,2023-09-30,r1960405,3
738,4c8d5b6c695d,2023-09-30,r1960405,3
738,4c8d5b6c695d,2023-09-30,b5758140,2
739,f7cb9b960a24,2023-09-30,c8609869,4
739,f7cb9b960a24,2023-09-30,z1238518,1
739,f7cb9b960a24,2023-09-30,c7565202,3
740,13b3f39cb746,2023-10-01,c2003799,3
740,13b3f39cb746,2023-10-01,c5610250,1
741,1bde41ce9b4f,2023-10-01,b7145876,1
741,1bde41ce9b4f,2023-10-01,r8953149,1
742,4b6ad8b86675,2023-10-01,r2024129,1
742,4b6ad8b86675,2023-10-01,b5758140,1
742,4b6ad8b86675,2023-10-01,b7145876,3
743,94962c41e17d,2023-10-01,c5610250,2
744,f7cb9b960a24,2023-10-01,c6085986,2
744,f7cb9b960a24,2023-10-01,c6085986,3
744,f7cb9b960a24,2023-10-01,c5610250,3
745,13b3f39cb746,2023-10-02,r8953149,2
745,13b3f39cb746,2023-10-02,c3889878,3
746,db3ce696964d,2023-10-02,z1991790,3
746,db3ce696964d,2023-10-02,r2024129,2
747,94962c41e17d,2023-10-03,c2176477,3
748,c0d785093a27,2023-10-03,r2024129,2
748,c0d785093a27,2023-10-03,z8164719,4
748,c0d785093a27,2023-10-03,c3889878,4
749,344ddf4c03d6,2023-10-04,r2024129,1
749,344ddf4c03d6,2023-10-04,z1991790,1
750,51984e3434d2,2023-10-04,r8953149,4
750,51984e3434d2,2023-10-04,r8309072,2
751,69e12ad8d81d,2023-10-04,z3948601,3
752,f7cb9b960a24,2023-10-04,b7145876,3
752,f7cb9b960a24,2023-10-04,z8164719,3
752,f7cb9b960a24,2023-10-04,c5622854,3
753,4b6ad8b86675,2023-10-05,c5610250,1
753,4b6ad8b86675,2023-10-05,z1238518,3
753,4b6ad8b86675,2023-10-05,c9787669,3
754,5a8872eea42b,2023-10-05,c3889878,2
754,5a8872eea42b,2023-10-05,r8953149,3
755,a89d6642c31c,2023-10-05,b5728274,3
755,a89d6642c31c,2023-10-05,b5728274,4
755,a89d6642c31c,2023-10-05,c5622854,3
756,b5a711fe7e92,2023-10-05,c7565202,3
756,b5a711fe7e92,2023-10-05,z3948601,4
756,b5a711fe7e92,2023-10-05,c5622854,3
757,5a8872eea42b,2023-10-06,b5728274,3
757,5a8872eea42b,2023-10-06,r8309072,2
757,5a8872eea42b,2023-10-06,r1960405,2
758,794085b394b2,2023-10-06,r8953149,3
759,a89d6642c31c,2023-10-06,c3889878,4
760,f15d449e81e8,2023-10-06,z1991790,4
760,f15d449e81e8,2023-10-06,c9787669,2
760,f15d449e81e8,2023-10-06,b5758140,4
761,13b3f39cb746,2023-10-07,z1238518,1
762,5a8872eea42b,2023-10-07,c9787669,1
763,ad8fa913d25b,2023-10-07,c7565202,3
763,ad8fa913d25b,2023-10-07,z1991790,2
763,ad8fa913d25b,2023-10-07,c5622854,4
764,4b6ad8b86675,2023-10-08,r1960405,2
765,69e12ad8d81d,2023-10-08,c3889878,4
765,69e12ad8d81d,2023-10-08,c9787669,2
765,69e12ad8d81d,2023-10-08,r2024129,1
766,94962c41e17d,2023-10-08,c2176477,3
766,94962c41e17d,2023-10-08,c7565202,1
766,94962c41e17d,2023-10-08,c8609869,1
767,a89d6642c31c,2023-10-08,z1238518,4
767,a89d6642c31c,2023-10-08,c2003799,1
767,a89d6642c31c,2023-10-08,z8164719,1
768,5a39cadd1b00,2023-10-09,z3948601,1
768,5a39cadd1b00,2023-10-09,z3948601,2
769,5a8872eea42b,2023-10-09,z1991790,1
770,95a10e2b9557,2023-10-09,c3889878,4
770,95a10e2b9557,2023-10-09,c2003799,4
771,b5a711fe7e92,2023-10-09,b5758140,4
771,b5a711fe7e92,2023-10-09,c2176477,1
772,f15d449e81e8,2023-10-09,r2024129,2
772,f15d449e81e8,2023-10-09,z3948601,4
773,5a8872eea42b,2023-10-10,r8309072,2
773,5a8872eea42b,2023-10-10,b7145876,2
774,794085b394b2,2023-10-10,r8953149,3
774,794085b394b2,2023-10-10,r8309072,4
775,f15d449e81e8,2023-10-10,z8164719,3
775,f15d449e81e8,2023-10-10,b5728274,2
776,69e12ad8d81d,2023-10-11,c3889878,3
776,69e12ad8d81d,2023-10-11,c2003799,1
777,94962c41e17d,2023-10-11,b5728274,2
777,94962c41e17d,2023-10-11,c2176477,1
778,95a10e2b9557,2023-10-11,b5728274,1
779,f15d449e81e8,2023-10-11,r1960405,1
780,344ddf4c03d6,2023-10-12,z3948601,3
780,344ddf4c03d6,2023-10-12,c7565202,1
780,344ddf4c03d6,2023-10-12,z1238518,1
781,51984e3434d2,2023-10-12,z1238518,3
782,a89d6642c31c,2023-10-13,c7565202,4
782,a89d6642c31c,2023-10-13,c9787669,3
783,ad8fa913d25b,2023-10-13,b5728274,3
783,ad8fa913d25b,2023-10-13,c9787669,3
784,4b6ad8b86675,2023-10-14,b7145876,2
785,4b6ad8b86675,2023-10-15,b5728274,3
786,f7cb9b960a24,2023-10-15,c6085986,4
787,5a8872eea42b,2023-10-16,c9787669,3
787,5a8872eea42b,2023-10-16,r8953149,2
787,5a8872eea42b,2023-10-16,c2003799,3
788,ad8fa913d25b,2023-10-16,c3889878,4
788,ad8fa913d25b,2023-10-16,b5728274,3
788,ad8fa913d25b,2023-10-16,r2024129,2
789,db3ce696964d,2023-10-16,c3889878,1
789,db3ce696964d,2023-10-16,r8953149,2
790,4b6ad8b86675,2023-10-17,c5610250,2
790,4b6ad8b86675,2023-10-17,b7145876,3
791,5a39cadd1b00,2023-10-17,r8309072,4
791,5a39cadd1b00,2023-10-17,r8309072,2
792,f7cb9b960a24,2023-10-17,b5758140,1
792,f7cb9b960a24,2023-10-17,c9787669,4
793,5a39cadd1b00,2023-10-18,z8164719,3
793,5a39cadd1b00,2023-10-18,z1238518,4
794,13b3f39cb746,2023-10-19,b5758140,4
794,13b3f39cb746,2023-10-19,z1238518,2
794,13b3f39cb746,2023-10-19,c7565202,1
795,1bde41ce9b4f,2023-10-19,z1238518,4
795,1bde41ce9b4f,2023-10-19,z1991790,1
796,95a10e2b9557,2023-10-19,c2003799,4
797,db3ce696964d,2023-10-19,b5758140,3
797,db3ce696964d,2023-10-19,c7565202,1
797,db3ce696964d,2023-10-19,c6085986,3
798,13b3f39cb746,2023-10-20,r1960405,4
799,794085b394b2,2023-10-20,z1991790,1
799,794085b394b2,2023-10-20,b5728274,2
799,794085b394b2,2023-10-20,c8609869,3
800,db3ce696964d,2023-10-20,b7145876,2
800,db3ce696964d,2023-10-20,c2176477,1
800,db3ce696964d,2023-10-20,c2176477,3
801,f7cb9b960a24,2023-10-20,r8953149,3
801,f7cb9b960a24,2023-10-20,z1991790,2
802,95a10e2b9557,2023-10-21,c8609869,1
802,95a10e2b9557,2023-10-21,c5622854,1
803,b5a711fe7e92,2023-10-21,r8309072,1
804,5a39cadd1b00,2023-10-22,c8609869,3
804,5a39cadd1b00,2023-10-22,c5610250,4
804,5a39cadd1b00,2023-10-22,z1991790,1
805,5a8872eea42b,2023-10-22,c9787669,2
805,5a8872eea42b,2023-10-22,b5758140,2
806,a89d6642c31c,2023-10-22,b5758140,3
806,a89d6642c31c,2023-10-22,b5728274,3
806,a89d6642c31c,2023-10-22,c2176477,2
807,13b3f39cb746,2023-10-23,c5610250,1
807,13b3f39cb746,2023-10-23,c2176477,4
807,13b3f39cb746,2023-10-23,c5622854,4
808,4c8d5b6c695d,2023-10-23,b5758140,2
808,4c8d5b6c695d,2023-10-23,c2176477,1
809,5a39cadd1b00,2023-10-23,r1960405,3
809,5a39cadd1b00,2023-10-23,r8309072,1
809,5a39cadd1b00,2023-10-23,b5758140,4
810,b5a711fe7e92,2023-10-24,c6085986,4
811,5a39cadd1b00,2023-10-25,c8609869,2
811,5a39cadd1b00,2023-10-25,b5728274,1
812,95a10e2b9557,2023-10-26,c5622854,3
813,a89d6642c31c,2023-10-26,c5622854,1
813,a89d6642c31c,2023-10-26,c5610250,1
813,a89d6642c31c,2023-10-26,z1238518,1
814,1bde41ce9b4f,2023-10-27,z1238518,4
815,344ddf4c03d6,2023-10-27,c2176477,4
816,db3ce696964d,2023-10-27,c6085986,2
816,db3ce696964d,2023-10-27,z1991790,1
817,4b6ad8b86675,2023-10-28,c6085986,1
817,4b6ad8b86675,2023-10-28,c2003799,2
818,51984e3434d2,2023-10-28,z8164719,3
818,51984e3434d2,2023-10-28,r1960405,1
819,5a39cadd1b00,2023-10-28,b7145876,3
819,5a39cadd1b00,2023-10-28,b7145876,1
820,69e12ad8d81d,2023-10-28,r2024129,3
821,94962c41e17d,2023-10-28,b5758140,3
821,94962c41e17d,2023-10-28,c5610250,2
822,c0d785093a27,2023-10-28,c5610250,4
823,13b3f39cb746,2023-10-29,c9787669,1
824,f15d449e81e8,2023-10-29,c2176477,2
824,f15d449e81e8,2023-10-29,c2003799,3
824,f15d449e81e8,2023-10-29,c7565202,4
825,5a39cadd1b00,2023-10-30,c5610250,3
826,94962c41e17d,2023-10-30,c6085986,3
827,95a10e2b9557,2023-10-30,z1991790,4
827,95a10e2b9557,2023-10-30,r1960405,4
828,344ddf4c03d6,2023-10-31,c5622854,1
828,344ddf4c03d6,2023-10-31,z1991790,2
829,69e12ad8d81d,2023-10-31,r8953149,4
829,69e12ad8d81d,2023-10-31,b5728274,4
829,69e12ad8d81d,2023-10-31,c6085986,3
830,f7cb9b960a24,2023-10-31,c8609869,4
830,f7cb9b960a24,2023-10-31,z8164719,3
830,f7cb9b960a24,2023-10-31,c3889878,1
831,13b3f39cb746,2023-11-01,r2024129,4
831,13b3f39cb746,2023-11-01,r8953149,3
832,1bde41ce9b4f,2023-11-01,c5622854,2
832,1bde41ce9b4f,2023-11-01,z3948601,2
833,5a39cadd1b00,2023-11-01,z1238518,4
833,5a39cadd1b00,2023-11-01,c9787669,3
833,5a39cadd1b00,2023-11-01,r2024129,1
834,69e12ad8d81d,2023-11-01,c6085986,3
834,69e12ad8d81d,2023-11-01,c8609869,2
835,a89d6642c31c,2023-11-01,b5758140,2
836,f7cb9b960a24,2023-11-01,r2024129,4
836,f7cb9b960a24,2023-11-01,z1238518,4
836,f7cb9b960a24,2023-11-01,c2003799,2
837,f15d449e81e8,2023-11-02,c2003799,2
837,f15d449e81e8,2023-11-02,c5610250,3
838,f7cb9b960a24,2023-11-02,c7565202,3
838,f7cb9b960a24,2023-11-02,c7565202,1
838,f7cb9b960a24,2023-11-02,r8953149,1
839,95a10e2b9557,2023-11-03,c9787669,3
839,95a10e2b9557,2023-11-03,z3948601,3
839,95a10e2b9557,2023-11-03,r2024129,2
840,db3ce696964d,2023-11-03,c2176477,4
841,f7cb9b960a24,2023-11-03,r8309072,3
841,f7cb9b960a24,2023-11-03,c6085986,1
841,f7cb9b960a24,2023-11-03,c5622854,1
842,acfb105825f3,2023-11-04,c2176477,1
842,acfb105825f3,2023-11-04,c9787669,4
842,acfb105825f3,2023-11-04,z3948601,2
843,344ddf4c03d6,2023-11-05,z1238518,2
843,344ddf4c03d6,2023-11-05,c6085986,3
843,344ddf4c03d6,2023-11-05,z3948601,3
844,4c8d5b6c695d,2023-11-05,c7565202,1
844,4c8d5b6c695d,2023-11-05,c3889878,3
844,4c8d5b6c695d,2023-11-05,r1960405,4
845,ad8fa913d25b,2023-11-05,b5728274,2
846,ad8fa913d25b,2023-11-06,z3948601,3
847,db3ce696964d,2023-11-06,c9787669,4
848,a89d6642c31c,2023-11-07,c2176477,1
849,f7cb9b960a24,2023-11-07,z3948601,3
850,4c8d5b6c695d,2023-11-08,c5622854,2
850,4c8d5b6c695d,2023-11-08,c2176477,3
850,4c8d5b6c695d,2023-11-08,r8309072,2
851,5a8872eea42b,2023-11-08,r2024129,3
851,5a8872eea42b,2023-11-08,z1991790,4
851,5a8872eea42b,2023-11-08,c8609869,3
852,794085b394b2,2023-11-09,b5728274,4
853,db3ce696964d,2023-11-09,b7145876,1
854,13b3f39cb746,2023-11-10,c7565202,4
854,13b3f39cb746,2023-11-10,c8609869,1
854,13b3f39cb746,2023-11-10,r8309072,4
855,b5a711fe7e92,2023-11-10,c5610250,2
856,f15d449e81e8,2023-11-10,z8164719,1
856,f15d449e81e8,2023-11-10,r8953149,2
857,13b3f39cb746,2023-11-11,c2176477,3
858,4b6ad8b86675,2023-11-11,b5728274,4
859,5a8872eea42b,2023-11-11,c2003799,1
859,5a8872eea42b,2023-11-11,z1238518,3
859,5a8872eea42b,2023-11-11,r8309072,4
860,db3ce696964d,2023-11-11,c2003799,4
861,4b6ad8b86675,2023-11-12,b5758140,2
861,4b6ad8b86675,2023-11-12,c2003799,4
861,4b6ad8b86675,2023-11-12,r8953149,4
862,5a39cadd1b00,2023-11-12,c3889878,3
862,5a39cadd1b00,2023-11-12,c2003799,2
863,794085b394b2,2023-11-12,c7565202,1
864,94962c41e17d,2023-11-13,c6085986,2
864,94962c41e17d,2023-11-13,b7145876,1
864,94962c41e17d,2023-11-13,c2003799,2
865,a89d6642c31c,2023-11-13,z8164719,2
865,a89d6642c31c,2023-11-13,b7145876,4
865,a89d6642c31c,2023-11-13,r2024129,3
866,db3ce696964d,2023-11-13,c5610250,1
867,db3ce696964d,2023-11-14,z1238518,4
867,db3ce696964d,2023-11-14,b7145876,2
867,db3ce696964d,2023-11-14,r8309072,3
868,acfb105825f3,2023-11-15,b5728274,2
869,344ddf4c03d6,2023-11-16,c5610250,2
869,344ddf4c03d6,2023-11-16,b5758140,3
870,5a8872eea42b,2023-11-16,r2024129,4
871,94962c41e17d,2023-11-16,c7565202,2
871,94962c41e17d,2023-11-16,r1960405,3
872,ad8fa913d25b,2023-11-16,c5622854,4
873,69e12ad8d81d,2023-11-18,c5622854,1
873,69e12ad8d81d,2023-11-18,c6085986,1
873,69e12ad8d81d,2023-11-18,b7145876,3
874,95a10e2b9557,2023-11-18,r8953149,3
874,95a10e2b9557,2023-11-18,b5758140,3
874,95a10e2b9557,2023-11-18,c9787669,4
875,a89d6642c31c,2023-11-18,b5728274,2
875,a89d6642c31c,2023-11-18,b7145876,2
876,c0d785093a27,2023-11-18,z8164719,2
877,94962c41e17d,2023-11-19,b7145876,3
878,13b3f39cb746,2023-11-20,c8609869,2
878,13b3f39cb746,2023-11-20,r2024129,1
878,13b3f39cb746,2023-11-20,z8164719,4
879,5a8872eea42b,2023-11-20,c2176477,3
880,ad8fa913d25b,2023-11-20,c2176477,3
880,ad8fa913d25b,2023-11-20,c3889878,4
881,5a39cadd1b00,2023-11-21,b5728274,2
882,ad8fa913d25b,2023-11-23,r2024129,1
882,ad8fa913d25b,2023-11-23,c6085986,1
883,f15d449e81e8,2023-11-23,z8164719,3
883,f15d449e81e8,2023-11-23,r8309072,3
884,69e12ad8d81d,2023-11-24,c5610250,4
884,69e12ad8d81d,2023-11-24,z1991790,3
884,69e12ad8d81d,2023-11-24,c5622854,2
885,f15d449e81e8,2023-11-24,b7145876,3
885,f15d449e81e8,2023-11-24,c2176477,2
886,5a39cadd1b00,2023-11-25,b5758140,2
886,5a39cadd1b00,2023-11-25,z1991790,2
887,94962c41e17d,2023-11-25,z1238518,2
888,a89d6642c31c,2023-11-25,z1238518,4
889,4b6ad8b86675,2023-11-26,r8309072,3
889,4b6ad8b86675,2023-11-26,b5758140,2
889,4b6ad8b86675,2023-11-26,r8953149,2
890,69e12ad8d81d,2023-11-26,z1238518,4
890,69e12ad8d81d,2023-11-26,z1238518,3
891,794085b394b2,2023-11-26,c3889878,1
891,794085b394b2,2023-11-26,b5758140,2
891,794085b394b2,2023-11-26,r1960405,2
892,ad8fa913d25b,2023-11-26,z3948601,1
892,ad8fa913d25b,2023-11-26,r1960405,1
893,51984e3434d2,2023-11-27,b7145876,3
893,51984e3434d2,2023-11-27,c7565202,2
893,51984e3434d2,2023-11-27,b5728274,2
894,f7cb9b960a24,2023-11-27,b7145876,2
895,1bde41ce9b4f,2023-11-28,z8164719,2
895,1bde41ce9b4f,2023-11-28,r8309072,3
895,1bde41ce9b4f,2023-11-28,b5728274,1
896,95a10e2b9557,2023-11-28,z3948601,4
896,95a10e2b9557,2023-11-28,r8953149,1
897,b5a711fe7e92,2023-11-28,c7565202,3
897,b5a711fe7e92,2023-11-28,c5610250,1
898,4b6ad8b86675,2023-11-29,c3889878,4
898,4b6ad8b86675,2023-11-29,c5610250,4
899,69e12ad8d81d,2023-11-29,c9787669,2
900,794085b394b2,2023-11-29,z1991790,4
900,794085b394b2,2023-11-29,b5728274,2
901,f15d449e81e8,2023-11-29,c5610250,2
901,f15d449e81e8,2023-11-29,r1960405,4
901,f15d449e81e8,2023-11-29,c9787669,2
902,51984e3434d2,2023-11-30,b5728274,4
902,51984e3434d2,2023-11-30,b5728274,1
903,f15d449e81e8,2023-11-30,c2003799,3
903,f15d449e81e8,2023-11-30,c2003799,1
904,1bde41ce9b4f,2023-12-01,r8309072,3
905,344ddf4c03d6,2023-12-02,z8164719,1
906,69e12ad8d81d,2023-12-02,c2003799,2
906,69e12ad8d81d,2023-12-02,c6085986,1
906,69e12ad8d81d,2023-12-02,r8953149,4
907,ad8fa913d25b,2023-12-02,z3948601,4
907,ad8fa913d25b,2023-12-02,c3889878,4
908,c0d785093a27,2023-12-02,r2024129,4
908,c0d785093a27,2023-12-02,c2003799,2
908,c0d785093a27,2023-12-02,r8309072,1
909,344ddf4c03d6,2023-12-03,c7565202,2
909,344ddf4c03d6,2023-12-03,z8164719,3
909,344ddf4c03d6,2023-12-03,r8953149,1
910,db3ce696964d,2023-12-03,c5610250,2
910,db3ce696964d,2023-12-03,c7565202,3
911,1bde41ce9b4f,2023-12-04,b5728274,4
912,5a8872eea42b,2023-12-04,b7145876,3
913,4b6ad8b86675,2023-12-05,z1238518,1
914,f7cb9b960a24,2023-12-05,z3948601,2
914,f7cb9b960a24,2023-12-05,c7565202,3
915,a89d6642c31c,2023-12-06,b7145876,2
916,ad8fa913d25b,2023-12-06,c2003799,1
916,ad8fa913d25b,2023-12-06,z1238518,2
917,f15d449e81e8,2023-12-06,r1960405,4
917,f15d449e81e8,2023-12-06,r2024129,2
918,51984e3434d2,2023-12-07,c5610250,4
919,a89d6642c31c,2023-12-07,c7565202,2
919,a89d6642c31c,2023-12-07,b5728274,3
920,4c8d5b6c695d,2023-12-08,b5758140,2
921,5a39cadd1b00,2023-12-08,r2024129,1
922,b5a711fe7e92,2023-12-08,c9787669,3
922,b5a711fe7e92,2023-12-08,c5610250,2
922,b5a711fe7e92,2023-12-08,z3948601,3
923,4b6ad8b86675,2023-12-09,c2003799,4
923,4b6ad8b86675,2023-12-09,r8953149,2
923,4b6ad8b86675,2023-12-09,r1960405,3
924,51984e3434d2,2023-12-09,c6085986,1
925,f7cb9b960a24,2023-12-09,r8953149,1
926,794085b394b2,2023-12-10,c9787669,3
926,794085b394b2,2023-12-10,c3889878,2
926,794085b394b2,2023-12-10,z1991790,4
927,b5a711fe7e92,2023-12-10,r8309072,1
927,b5a711fe7e92,2023-12-10,z8164719,3
928,4b6ad8b86675,2023-12-11,c6085986,4
928,4b6ad8b86675,2023-12-11,r8953149,2
929,794085b394b2,2023-12-11,c5622854,3
930,b5a711fe7e92,2023-12-11,z1238518,2
930,b5a711fe7e92,2023-12-11,c5622854,4
930,b5a711fe7e92,2023-12-11,c7565202,1
931,ad8fa913d25b,2023-12-12,r2024129,1
932,b5a711fe7e92,2023-12-12,c5610250,4
932,b5a711fe7e92,2023-12-12,c2176477,1
933,1bde41ce9b4f,2023-12-13,c8609869,1
934,ad8fa913d25b,2023-12-13,b7145876,3
934,ad8fa913d25b,2023-12-13,c8609869,4
934,ad8fa913d25b,2023-12-13,c3889878,4
935,acfb105825f3,2023-12-14,c2003799,2
935,acfb105825f3,2023-12-14,z1238518,1
935,acfb105825f3,2023-12-14,b5728274,3
936,344ddf4c03d6,2023-12-15,z1991790,2
936,344ddf4c03d6,2023-12-15,b5728274,4
936,344ddf4c03d6,2023-12-15,r8953149,1
937,c0d785093a27,2023-12-15,c8609869,1
937,c0d785093a27,2023-12-15,r1960405,2
937,c0d785093a27,2023-12-15,z3948601,1
938,13b3f39cb746,2023-12-16,c2003799,2
938,13b3f39cb746,2023-12-16,r1960405,1
938,13b3f39cb746,2023-12-16,c2176477,4
939,51984e3434d2,2023-12-16,z3948601,1
939,51984e3434d2,2023-12-16,r8309072,3
939,51984e3434d2,2023-12-16,r2024129,2
940,794085b394b2,2023-12-16,c5622854,3
940,794085b394b2,2023-12-16,c5610250,3
941,13b3f39cb746,2023-12-17,r8953149,4
941,13b3f39cb746,2023-12-17,c8609869,3
942,4c8d5b6c695d,2023-12-17,z3948601,1
943,94962c41e17d,2023-12-17,c5610250,2
944,ad8fa913d25b,2023-12-17,z1991790,3
944,ad8fa913d25b,2023-12-17,c2176477,1
945,f15d449e81e8,2023-12-17,b5728274,2
945,f15d449e81e8,2023-12-17,z1238518,2
945,f15d449e81e8,2023-12-17,c2176477,2
946,69e12ad8d81d,2023-12-18,z8164719,1
947,c0d785093a27,2023-12-18,c9787669,1
947,c0d785093a27,2023-12-18,z1238518,2
948,db3ce696964d,2023-12-18,r1960405,2
949,4b6ad8b86675,2023-12-19,z3948601,3
949,4b6ad8b86675,2023-12-19,c8609869,2
950,51984e3434d2,2023-12-19,r8309072,3
951,69e12ad8d81d,2023-12-19,b7145876,4
951,69e12ad8d81d,2023-12-19,c6085986,1
951,69e12ad8d81d,2023-12-19,r1960405,3
952,94962c41e17d,2023-12-19,r1960405,1
952,94962c41e17d,2023-12-19,b5758140,2
953,95a10e2b9557,2023-12-19,z1991790,4
953,95a10e2b9557,2023-12-19,r2024129,1
954,f15d449e81e8,2023-12-19,c8609869,3
954,f15d449e81e8,2023-12-19,z8164719,1
955,69e12ad8d81d,2023-12-20,c5610250,2
956,95a10e2b9557,2023-12-20,z1991790,3
956,95a10e2b9557,2023-12-20,c8609869,3
957,c0d785093a27,2023-12-20,z1238518,2
958,db3ce696964d,2023-12-20,c3889878,1
958,db3ce696964d,2023-12-20,b5728274,2
959,f15d449e81e8,2023-12-20,c9787669,3
959,f15d449e81e8,2023-12-20,c3889878,3
959,f15d449e81e8,2023-12-20,c6085986,3
960,344ddf4c03d6,2023-12-21,r8309072,2
960,344ddf4c03d6,2023-12-21,z1238518,2
961,4b6ad8b86675,2023-12-21,c3889878,2
961,4b6ad8b86675,2023-12-21,c6085986,2
961,4b6ad8b86675,2023-12-21,z1991790,2
962,5a39cadd1b00,2023-12-21,b5728274,1
962,5a39cadd1b00,2023-12-21,b5728274,2
963,94962c41e17d,2023-12-21,c2003799,3
963,94962c41e17d,2023-12-21,z1991790,2
963,94962c41e17d,2023-12-21,b5728274,2
964,13b3f39cb746,2023-12-22,b7145876,3
964,13b3f39cb746,2023-12-22,z3948601,3
964,13b3f39cb746,2023-12-22,c8609869,2
965,94962c41e17d,2023-12-22,z1991790,3
966,a89d6642c31c,2023-12-22,z1991790,3
967,b5a711fe7e92,2023-12-22,c3889878,4
967,b5a711fe7e92,2023-12-22,c5610250,2
967,b5a711fe7e92,2023-12-22,b7145876,1
968,c0d785093a27,2023-12-22,r8309072,2
968,c0d785093a27,2023-12-22,r1960405,4
969,f7cb9b960a24,2023-12-22,c8609869,2
969,f7cb9b960a24,2023-12-22,b7145876,4
969,f7cb9b960a24,2023-12-22,r1960405,1
970,94962c41e17d,2023-12-23,c9787669,1
971,ad8fa913d25b,2023-12-23,c2003799,1
971,ad8fa913d25b,2023-12-23,c6085986,2
971,ad8fa913d25b,2023-12-23,c7565202,1
972,f7cb9b960a24,2023-12-23,r8953149,3
973,95a10e2b9557,2023-12-24,b5728274,2
973,95a10e2b9557,2023-12-24,c5622854,1
974,b5a711fe7e92,2023-12-24,r2024129,4
974,b5a711fe7e92,2023-12-24,c2003799,2
974,b5a711fe7e92,2023-12-24,c8609869,4
975,4b6ad8b86675,2023-12-26,c7565202,3
976,a89d6642c31c,2023-12-26,c5622854,3
976,a89d6642c31c,2023-12-26,b7145876,3
977,1bde41ce9b4f,2023-12-27,r8953149,4
977,1bde41ce9b4f,2023-12-27,c3889878,3
978,794085b394b2,2023-12-27,r8309072,2
979,344ddf4c03d6,2023-12-28,r2024129,2
980,4b6ad8b86675,2023-12-28,r2024129,4
980,4b6ad8b86675,2023-12-28,c5622854,4
981,4c8d5b6c695d,2023-12-28,c9787669,1
981,4c8d5b6c695d,2023-12-28,c6085986,2
982,5a39cadd1b00,2023-12-28,c7565202,2
983,5a8872eea42b,2023-12-28,c2176477,2
983,5a8872eea42b,2023-12-28,b5758140,2
984,51984e3434d2,2023-12-29,z8164719,4
984,51984e3434d2,2023-12-29,c9787669,1
985,a89d6642c31c,2023-12-29,r8309072,1
985,a89d6642c31c,2023-12-29,c6085986,1
986,f15d449e81e8,2023-12-29,r8953149,2
987,4c8d5b6c695d,2023-12-30,c6085986,1
987,4c8d5b6c695d,2023-12-30,r1960405,1
987,4c8d5b6c695d,2023-12-30,c2003799,4
988,acfb105825f3,2023-12-30,b5758140,4
988,acfb105825f3,2023-12-30,z1991790,3
988,acfb105825f3,2023-12-30,c2003799,2
989,c0d785093a27,2023-12-30,c5622854,3
989,c0d785093a27,2023-12-30,r8309072,3
990,f15d449e81e8,2023-12-30,c5622854,1
990,f15d449e81e8,2023-12-30,b7145876,2
991,4b6ad8b86675,2023-12-31,c6085986,4
991,4b6ad8b86675,2023-12-31,c5622854,4
992,51984e3434d2,2023-12-31,c5622854,3
992,51984e3434d2,2023-12-31,c6085986,4
992,51984e3434d2,2023-12-31,c5610250,3
993,69e12ad8d81d,2023-12-31,c8609869,4
993,69e12ad8d81d,2023-12-31,c6085986,1
994,a89d6642c31c,2023-12-31,c2003799,4
995,f15d449e81e8,2023-12-31,r8309072,3
995,f15d449e81e8,2023-12-31,c3889878,1
995,f15d449e81e8,2023-12-31,z8164719,3
996,13b3f39cb746,2024-01-02,b5758140,3
996,13b3f39cb746,2024-01-02,b5728274,1
996,13b3f39cb746,2024-01-02,c2176477,1
997,4c8d5b6c695d,2024-01-02,z1991790,3
997,4c8d5b6c695d,2024-01-02,c8609869,1
998,5a8872eea42b,2024-01-02,c5610250,3
998,5a8872eea42b,2024-01-02,c2003799,1
999,a89d6642c31c,2024-01-02,c2003799,3
999,a89d6642c31c,2024-01-02,b5758140,2
1000,acfb105825f3,2024-01-02,c2176477,3
1000,acfb105825f3,2024-01-02,z1991790,4
