,order_id,customer_id,order_date,product_id,quantity
0,16,072ba5cc0e81,2023-01-08,b8368563,2
1,16,072ba5cc0e81,2023-01-08,z2536862,2
2,65,072ba5cc0e81,2023-01-26,r4723487,4
3,65,072ba5cc0e81,2023-01-26,b9175704,2
4,65,072ba5cc0e81,2023-01-26,c4305096,4
5,69,072ba5cc0e81,2023-01-27,b2821864,4
6,73,072ba5cc0e81,2023-01-29,z2536862,2
7,73,072ba5cc0e81,2023-01-29,b9175704,3
8,95,072ba5cc0e81,2023-02-05,c8343296,2
9,95,072ba5cc0e81,2023-02-05,b8368563,3
10,134,072ba5cc0e81,2023-02-19,z4108201,4
11,134,072ba5cc0e81,2023-02-19,c2954425,4
12,134,072ba5cc0e81,2023-02-19,z4108201,1
13,168,072ba5cc0e81,2023-03-03,b9175704,2
14,168,072ba5cc0e81,2023-03-03,z4661475,3
15,168,072ba5cc0e81,2023-03-03,c2954425,1
16,193,072ba5cc0e81,2023-03-10,c4305096,2
17,193,072ba5cc0e81,2023-03-10,z7997568,3
18,193,072ba5cc0e81,2023-03-10,z2536862,3
19,223,072ba5cc0e81,2023-03-21,b7097833,3
20,236,072ba5cc0e81,2023-03-28,b7097833,3
21,236,072ba5cc0e81,2023-03-28,c4305096,2
22,236,072ba5cc0e81,2023-03-28,r6291705,2
23,247,072ba5cc0e81,2023-04-02,r7843094,4
24,247,072ba5cc0e81,2023-04-02,z8938927,2
25,249,072ba5cc0e81,2023-04-03,c8343296,4
26,249,072ba5cc0e81,2023-04-03,b8368563,4
27,249,072ba5cc0e81,2023-04-03,b9175704,4
28,269,072ba5cc0e81,2023-04-12,r5995726,2
29,269,072ba5cc0e81,2023-04-12,c4305096,2
30,269,072ba5cc0e81,2023-04-12,b2821864,3
31,285,072ba5cc0e81,2023-04-18,c2954425,3
32,285,072ba5cc0e81,2023-04-18,b9175704,1
33,316,072ba5cc0e81,2023-05-01,c4248088,4
34,316,072ba5cc0e81,2023-05-01,r5995726,4
35,316,072ba5cc0e81,2023-05-01,c4248088,1
36,318,072ba5cc0e81,2023-05-03,c4248088,4
37,330,072ba5cc0e81,2023-05-07,r6291705,3
38,348,072ba5cc0e81,2023-05-15,b7097833,3
39,348,072ba5cc0e81,2023-05-15,z7690041,1
40,348,072ba5cc0e81,2023-05-15,z2536862,4
41,370,072ba5cc0e81,2023-05-23,c8343296,1
42,385,072ba5cc0e81,2023-05-28,b2821864,4
43,385,072ba5cc0e81,2023-05-28,z4108201,1
44,404,072ba5cc0e81,2023-06-06,c2954425,3
45,404,072ba5cc0e81,2023-06-06,z4108201,2
46,404,072ba5cc0e81,2023-06-06,z4661475,3
47,416,072ba5cc0e81,2023-06-10,z4628406,1
48,416,072ba5cc0e81,2023-06-10,c2954425,3
49,437,072ba5cc0e81,2023-06-19,r6291705,2
50,437,072ba5cc0e81,2023-06-19,z2536862,4
51,437,072ba5cc0e81,2023-06-19,b8368563,4
52,460,072ba5cc0e81,2023-06-29,z8938927,2
53,460,072ba5cc0e81,2023-06-29,r5995726,3
54,460,072ba5cc0e81,2023-06-29,b9175704,3
55,469,072ba5cc0e81,2023-07-02,b7097833,4
56,472,072ba5cc0e81,2023-07-03,c2954425,3
57,484,072ba5cc0e81,2023-07-08,r5995726,3
58,502,072ba5cc0e81,2023-07-15,z4108201,1
59,510,072ba5cc0e81,2023-07-18,c7290449,3
60,510,072ba5cc0e81,2023-07-18,c7290449,4
61,510,072ba5cc0e81,2023-07-18,z2536862,2
62,516,072ba5cc0e81,2023-07-19,z7997568,3
63,516,072ba5cc0e81,2023-07-19,z7997568,2
64,516,072ba5cc0e81,2023-07-19,r7843094,2
65,523,072ba5cc0e81,2023-07-21,c7290449,2
66,523,072ba5cc0e81,2023-07-21,z4628406,1
67,530,072ba5cc0e81,2023-07-24,c4305096,1
68,530,072ba5cc0e81,2023-07-24,b8368563,3
69,530,072ba5cc0e81,2023-07-24,b8368563,1
70,555,072ba5cc0e81,2023-08-01,r6291705,1
71,563,072ba5cc0e81,2023-08-05,c2954425,1
72,563,072ba5cc0e81,2023-08-05,r4723487,2
73,563,072ba5cc0e81,2023-08-05,z4628406,4
74,573,072ba5cc0e81,2023-08-09,c2954425,3
75,573,072ba5cc0e81,2023-08-09,z8938927,4
76,573,072ba5cc0e81,2023-08-09,c4305096,4
77,579,072ba5cc0e81,2023-08-11,b2821864,2
78,604,072ba5cc0e81,2023-08-19,z2536862,1
79,604,072ba5cc0e81,2023-08-19,r4723487,1
80,604,072ba5cc0e81,2023-08-19,z4108201,2
81,607,072ba5cc0e81,2023-08-20,c7290449,3
82,607,072ba5cc0e81,2023-08-20,z8938927,1
83,607,072ba5cc0e81,2023-08-20,z2536862,3
84,610,072ba5cc0e81,2023-08-22,c7290449,4
85,612,072ba5cc0e81,2023-08-23,c7290449,1
86,612,072ba5cc0e81,2023-08-23,z4108201,2
87,612,072ba5cc0e81,2023-08-23,r6291705,4
88,624,072ba5cc0e81,2023-08-28,z4628406,2
89,629,072ba5cc0e81,2023-08-31,z7690041,4
90,639,072ba5cc0e81,2023-09-04,c8343296,2
91,639,072ba5cc0e81,2023-09-04,r4723487,2
92,667,072ba5cc0e81,2023-09-15,c4248088,1
93,667,072ba5cc0e81,2023-09-15,r6291705,4
94,671,072ba5cc0e81,2023-09-17,b7097833,4
95,671,072ba5cc0e81,2023-09-17,z4661475,3
96,674,072ba5cc0e81,2023-09-18,z7690041,3
97,674,072ba5cc0e81,2023-09-18,z2536862,4
98,718,072ba5cc0e81,2023-10-05,b7097833,3
99,718,072ba5cc0e81,2023-10-05,b9175704,1
100,718,072ba5cc0e81,2023-10-05,z4661475,4
101,743,072ba5cc0e81,2023-10-14,c2954425,1
102,743,072ba5cc0e81,2023-10-14,c7290449,2
103,743,072ba5cc0e81,2023-10-14,r7843094,4
104,750,072ba5cc0e81,2023-10-18,r4723487,4
105,750,072ba5cc0e81,2023-10-18,r6291705,4
106,750,072ba5cc0e81,2023-10-18,z2536862,3
107,757,072ba5cc0e81,2023-10-20,c2954425,2
108,773,072ba5cc0e81,2023-10-24,z7690041,1
109,773,072ba5cc0e81,2023-10-24,z8938927,1
110,783,072ba5cc0e81,2023-10-26,z4628406,2
111,804,072ba5cc0e81,2023-10-31,z4628406,1
112,804,072ba5cc0e81,2023-10-31,c7290449,2
113,814,072ba5cc0e81,2023-11-03,b8368563,4
114,814,072ba5cc0e81,2023-11-03,c4248088,1
115,817,072ba5cc0e81,2023-11-04,c4305096,2
116,822,072ba5cc0e81,2023-11-05,c7290449,4
117,822,072ba5cc0e81,2023-11-05,c7290449,1
118,829,072ba5cc0e81,2023-11-07,r4723487,2
119,829,072ba5cc0e81,2023-11-07,b2821864,4
120,829,072ba5cc0e81,2023-11-07,r6291705,2
121,848,072ba5cc0e81,2023-11-11,z4628406,1
122,848,072ba5cc0e81,2023-11-11,z4661475,4
123,848,072ba5cc0e81,2023-11-11,c7290449,4
124,850,072ba5cc0e81,2023-11-12,z4628406,1
125,850,072ba5cc0e81,2023-11-12,z4628406,2
126,850,072ba5cc0e81,2023-11-12,c2954425,3
127,854,072ba5cc0e81,2023-11-13,b9175704,3
128,854,072ba5cc0e81,2023-11-13,r5995726,2
129,860,072ba5cc0e81,2023-11-16,z7690041,1
130,860,072ba5cc0e81,2023-11-16,b2821864,4
131,899,072ba5cc0e81,2023-11-28,z7997568,4
132,899,072ba5cc0e81,2023-11-28,z7690041,3
133,912,072ba5cc0e81,2023-12-02,r7843094,3
134,926,072ba5cc0e81,2023-12-07,z4628406,1
135,926,072ba5cc0e81,2023-12-07,z4108201,3
136,926,072ba5cc0e81,2023-12-07,z4108201,4
137,941,072ba5cc0e81,2023-12-11,r7843094,3
138,941,072ba5cc0e81,2023-12-11,z4108201,3
139,941,072ba5cc0e81,2023-12-11,z4108201,2
140,965,072ba5cc0e81,2023-12-19,c2954425,4
141,965,072ba5cc0e81,2023-12-19,c4248088,2
142,965,072ba5cc0e81,2023-12-19,r4723487,1
143,8,17ca7a51731c,2023-01-04,z2536862,4
144,8,17ca7a51731c,2023-01-04,r4723487,2
145,37,17ca7a51731c,2023-01-16,r7843094,4
146,37,17ca7a51731c,2023-01-16,z7997568,4
147,37,17ca7a51731c,2023-01-16,c4305096,2
148,47,17ca7a51731c,2023-01-20,z4661475,2
149,47,17ca7a51731c,2023-01-20,z7997568,2
150,55,17ca7a51731c,2023-01-23,z8938927,4
151,55,17ca7a51731c,2023-01-23,b2821864,4
152,70,17ca7a51731c,2023-01-27,z4661475,3
153,97,17ca7a51731c,2023-02-06,z4661475,4
154,97,17ca7a51731c,2023-02-06,r4723487,1
155,113,17ca7a51731c,2023-02-12,b9175704,4
156,113,17ca7a51731c,2023-02-12,b9175704,3
157,113,17ca7a51731c,2023-02-12,c7290449,4
158,124,17ca7a51731c,2023-02-14,b9175704,3
159,124,17ca7a51731c,2023-02-14,z4628406,3
160,165,17ca7a51731c,2023-03-02,b8368563,2
161,165,17ca7a51731c,2023-03-02,b2821864,4
162,184,17ca7a51731c,2023-03-08,r6291705,4
163,197,17ca7a51731c,2023-03-11,c7290449,1
164,201,17ca7a51731c,2023-03-12,c4248088,3
165,250,17ca7a51731c,2023-04-03,c7290449,4
166,250,17ca7a51731c,2023-04-03,r6291705,3
167,250,17ca7a51731c,2023-04-03,b9175704,2
168,277,17ca7a51731c,2023-04-16,r4723487,1
169,292,17ca7a51731c,2023-04-21,c8343296,4
170,292,17ca7a51731c,2023-04-21,z4661475,4
171,292,17ca7a51731c,2023-04-21,z4661475,4
172,304,17ca7a51731c,2023-04-27,z7997568,2
173,304,17ca7a51731c,2023-04-27,c2954425,4
174,304,17ca7a51731c,2023-04-27,r4723487,4
175,324,17ca7a51731c,2023-05-05,z7997568,3
176,324,17ca7a51731c,2023-05-05,z8938927,1
177,331,17ca7a51731c,2023-05-07,c8343296,3
178,331,17ca7a51731c,2023-05-07,r7843094,3
179,331,17ca7a51731c,2023-05-07,r6291705,1
180,337,17ca7a51731c,2023-05-12,z4108201,2
181,337,17ca7a51731c,2023-05-12,z7690041,4
182,337,17ca7a51731c,2023-05-12,z8938927,1
183,341,17ca7a51731c,2023-05-13,r6291705,1
184,341,17ca7a51731c,2023-05-13,z8938927,2
185,341,17ca7a51731c,2023-05-13,c8343296,4
186,361,17ca7a51731c,2023-05-19,r7843094,1
187,361,17ca7a51731c,2023-05-19,z4661475,4
188,361,17ca7a51731c,2023-05-19,z7690041,2
189,387,17ca7a51731c,2023-05-29,c8343296,1
190,387,17ca7a51731c,2023-05-29,z2536862,4
191,387,17ca7a51731c,2023-05-29,b8368563,2
192,389,17ca7a51731c,2023-05-30,z2536862,1
193,392,17ca7a51731c,2023-05-31,r7843094,4
194,392,17ca7a51731c,2023-05-31,c2954425,2
195,405,17ca7a51731c,2023-06-06,z4661475,2
196,415,17ca7a51731c,2023-06-09,r6291705,4
197,415,17ca7a51731c,2023-06-09,c2954425,3
198,417,17ca7a51731c,2023-06-10,b2821864,1
199,421,17ca7a51731c,2023-06-11,z8938927,3
200,433,17ca7a51731c,2023-06-17,c4305096,1
201,441,17ca7a51731c,2023-06-20,b7097833,1
202,480,17ca7a51731c,2023-07-07,c4305096,3
203,489,17ca7a51731c,2023-07-10,r5995726,3
204,504,17ca7a51731c,2023-07-16,z8938927,4
205,585,17ca7a51731c,2023-08-13,z4628406,4
206,596,17ca7a51731c,2023-08-16,c4305096,1
207,611,17ca7a51731c,2023-08-22,z4628406,1
208,658,17ca7a51731c,2023-09-12,z2536862,1
209,658,17ca7a51731c,2023-09-12,b7097833,4
210,660,17ca7a51731c,2023-09-13,z8938927,4
211,709,17ca7a51731c,2023-10-02,z8938927,4
212,747,17ca7a51731c,2023-10-16,z7997568,4
213,747,17ca7a51731c,2023-10-16,r5995726,4
214,747,17ca7a51731c,2023-10-16,r7843094,4
215,787,17ca7a51731c,2023-10-27,c4248088,1
216,787,17ca7a51731c,2023-10-27,r7843094,1
217,787,17ca7a51731c,2023-10-27,r7843094,1
218,789,17ca7a51731c,2023-10-28,b7097833,2
219,797,17ca7a51731c,2023-10-30,c4305096,4
220,797,17ca7a51731c,2023-10-30,r4723487,3
221,797,17ca7a51731c,2023-10-30,z4108201,2
222,805,17ca7a51731c,2023-10-31,c7290449,3
223,805,17ca7a51731c,2023-10-31,z4108201,4
224,805,17ca7a51731c,2023-10-31,c4248088,3
225,808,17ca7a51731c,2023-11-01,b9175704,3
226,808,17ca7a51731c,2023-11-01,b2821864,3
227,808,17ca7a51731c,2023-11-01,b2821864,4
228,836,17ca7a51731c,2023-11-08,z7997568,1
229,864,17ca7a51731c,2023-11-17,z4108201,2
230,889,17ca7a51731c,2023-11-25,z4628406,1
231,889,17ca7a51731c,2023-11-25,r4723487,1
232,924,17ca7a51731c,2023-12-06,z4628406,1
233,924,17ca7a51731c,2023-12-06,c2954425,1
234,942,17ca7a51731c,2023-12-11,z4108201,3
235,942,17ca7a51731c,2023-12-11,c4305096,1
236,956,17ca7a51731c,2023-12-15,z7997568,1
237,957,17ca7a51731c,2023-12-16,z8938927,2
238,957,17ca7a51731c,2023-12-16,z7997568,2
239,976,17ca7a51731c,2023-12-24,b9175704,4
240,976,17ca7a51731c,2023-12-24,c4248088,3
241,976,17ca7a51731c,2023-12-24,c2954425,1
242,983,17ca7a51731c,2023-12-28,r7843094,1
243,983,17ca7a51731c,2023-12-28,z4628406,2
244,983,17ca7a51731c,2023-12-28,z4628406,4
245,989,17ca7a51731c,2023-12-30,z7690041,4
246,989,17ca7a51731c,2023-12-30,c4248088,4
247,993,17ca7a51731c,2024-01-01,r7843094,4
248,997,17ca7a51731c,2024-01-02,b8368563,2
249,997,17ca7a51731c,2024-01-02,b7097833,1
250,31,45d823d25b09,2023-01-14,r6291705,1
251,31,45d823d25b09,2023-01-14,b9175704,1
252,31,45d823d25b09,2023-01-14,c4248088,4
253,38,45d823d25b09,2023-01-17,c4248088,3
254,38,45d823d25b09,2023-01-17,z7690041,2
255,38,45d823d25b09,2023-01-17,b9175704,4
256,40,45d823d25b09,2023-01-18,r6291705,2
257,40,45d823d25b09,2023-01-18,r4723487,2
258,58,45d823d25b09,2023-01-24,c4248088,4
259,58,45d823d25b09,2023-01-24,b7097833,2
260,58,45d823d25b09,2023-01-24,c4248088,1
261,76,45d823d25b09,2023-01-30,z7690041,3
262,76,45d823d25b09,2023-01-30,z4628406,1
263,83,45d823d25b09,2023-02-01,c7290449,2
264,83,45d823d25b09,2023-02-01,z7997568,4
265,83,45d823d25b09,2023-02-01,z2536862,2
266,99,45d823d25b09,2023-02-07,c4305096,3
267,103,45d823d25b09,2023-02-08,r7843094,2
268,103,45d823d25b09,2023-02-08,r7843094,1
269,103,45d823d25b09,2023-02-08,b9175704,2
270,117,45d823d25b09,2023-02-13,c4248088,4
271,144,45d823d25b09,2023-02-22,r7843094,2
272,144,45d823d25b09,2023-02-22,r7843094,4
273,218,45d823d25b09,2023-03-19,c2954425,2
274,218,45d823d25b09,2023-03-19,z4108201,2
275,278,45d823d25b09,2023-04-16,c8343296,4
276,278,45d823d25b09,2023-04-16,z4661475,1
277,278,45d823d25b09,2023-04-16,r5995726,1
278,282,45d823d25b09,2023-04-17,r6291705,4
279,282,45d823d25b09,2023-04-17,b7097833,1
280,282,45d823d25b09,2023-04-17,z4661475,4
281,287,45d823d25b09,2023-04-19,b9175704,4
282,298,45d823d25b09,2023-04-24,b9175704,3
283,298,45d823d25b09,2023-04-24,b7097833,3
284,312,45d823d25b09,2023-04-29,z8938927,4
285,314,45d823d25b09,2023-04-30,z8938927,2
286,314,45d823d25b09,2023-04-30,z2536862,4
287,365,45d823d25b09,2023-05-21,b7097833,1
288,386,45d823d25b09,2023-05-28,b2821864,1
289,386,45d823d25b09,2023-05-28,z4628406,2
290,390,45d823d25b09,2023-05-30,z4661475,1
291,394,45d823d25b09,2023-06-01,c8343296,3
292,394,45d823d25b09,2023-06-01,r5995726,4
293,408,45d823d25b09,2023-06-07,z2536862,1
294,408,45d823d25b09,2023-06-07,b9175704,3
295,408,45d823d25b09,2023-06-07,r7843094,3
296,411,45d823d25b09,2023-06-08,r4723487,2
297,428,45d823d25b09,2023-06-13,z4628406,1
298,428,45d823d25b09,2023-06-13,r7843094,4
299,428,45d823d25b09,2023-06-13,b8368563,1
300,442,45d823d25b09,2023-06-20,z4661475,1
301,442,45d823d25b09,2023-06-20,r6291705,4
302,461,45d823d25b09,2023-06-29,z2536862,3
303,461,45d823d25b09,2023-06-29,z7690041,1
304,461,45d823d25b09,2023-06-29,c7290449,2
305,470,45d823d25b09,2023-07-02,r4723487,4
306,470,45d823d25b09,2023-07-02,r6291705,4
307,470,45d823d25b09,2023-07-02,b2821864,2
308,490,45d823d25b09,2023-07-10,z8938927,2
309,490,45d823d25b09,2023-07-10,b7097833,4
310,496,45d823d25b09,2023-07-12,z4628406,1
311,496,45d823d25b09,2023-07-12,b9175704,2
312,501,45d823d25b09,2023-07-14,z4628406,2
313,501,45d823d25b09,2023-07-14,z4628406,4
314,503,45d823d25b09,2023-07-15,b9175704,1
315,511,45d823d25b09,2023-07-18,c2954425,4
316,537,45d823d25b09,2023-07-26,r4723487,4
317,537,45d823d25b09,2023-07-26,c2954425,4
318,537,45d823d25b09,2023-07-26,b8368563,1
319,560,45d823d25b09,2023-08-04,c2954425,4
320,564,45d823d25b09,2023-08-05,c4248088,2
321,564,45d823d25b09,2023-08-05,z4108201,3
322,564,45d823d25b09,2023-08-05,z4628406,4
323,569,45d823d25b09,2023-08-07,r6291705,1
324,569,45d823d25b09,2023-08-07,r7843094,3
325,569,45d823d25b09,2023-08-07,b8368563,1
326,574,45d823d25b09,2023-08-09,c4305096,4
327,608,45d823d25b09,2023-08-21,c4305096,2
328,608,45d823d25b09,2023-08-21,r5995726,2
329,608,45d823d25b09,2023-08-21,z2536862,4
330,640,45d823d25b09,2023-09-04,b8368563,2
331,664,45d823d25b09,2023-09-14,c7290449,1
332,664,45d823d25b09,2023-09-14,r7843094,3
333,664,45d823d25b09,2023-09-14,z4661475,2
334,700,45d823d25b09,2023-09-27,b8368563,1
335,725,45d823d25b09,2023-10-08,b2821864,3
336,729,45d823d25b09,2023-10-10,c8343296,3
337,729,45d823d25b09,2023-10-10,r5995726,1
338,770,45d823d25b09,2023-10-23,r5995726,3
339,770,45d823d25b09,2023-10-23,z2536862,1
340,798,45d823d25b09,2023-10-30,b2821864,1
341,845,45d823d25b09,2023-11-10,z7997568,4
342,845,45d823d25b09,2023-11-10,b2821864,2
343,845,45d823d25b09,2023-11-10,c8343296,4
344,900,45d823d25b09,2023-11-28,c4248088,2
345,900,45d823d25b09,2023-11-28,z4628406,4
346,900,45d823d25b09,2023-11-28,b9175704,1
347,903,45d823d25b09,2023-11-29,z4628406,1
348,903,45d823d25b09,2023-11-29,r6291705,3
349,903,45d823d25b09,2023-11-29,r7843094,4
350,943,45d823d25b09,2023-12-11,c7290449,3
351,943,45d823d25b09,2023-12-11,c4248088,1
352,953,45d823d25b09,2023-12-14,r5995726,1
353,972,45d823d25b09,2023-12-23,b9175704,1
354,972,45d823d25b09,2023-12-23,z8938927,3
355,33,6033790b521d,2023-01-15,b8368563,1
356,39,6033790b521d,2023-01-17,z8938927,1
357,39,6033790b521d,2023-01-17,z2536862,1
358,39,6033790b521d,2023-01-17,b7097833,1
359,43,6033790b521d,2023-01-19,c7290449,1
360,59,6033790b521d,2023-01-24,b8368563,2
361,80,6033790b521d,2023-01-31,z7997568,4
362,98,6033790b521d,2023-02-06,r4723487,4
363,98,6033790b521d,2023-02-06,c8343296,3
364,98,6033790b521d,2023-02-06,c8343296,1
365,114,6033790b521d,2023-02-12,z4108201,2
366,128,6033790b521d,2023-02-17,r4723487,3
367,128,6033790b521d,2023-02-17,z8938927,3
368,147,6033790b521d,2023-02-23,z4108201,2
369,147,6033790b521d,2023-02-23,c4305096,3
370,147,6033790b521d,2023-02-23,b8368563,2
371,166,6033790b521d,2023-03-02,z4661475,2
372,166,6033790b521d,2023-03-02,z8938927,2
373,169,6033790b521d,2023-03-03,b7097833,4
374,169,6033790b521d,2023-03-03,c4305096,4
375,206,6033790b521d,2023-03-14,z4661475,1
376,225,6033790b521d,2023-03-22,b9175704,2
377,225,6033790b521d,2023-03-22,c4305096,3
378,237,6033790b521d,2023-03-28,z7690041,3
379,237,6033790b521d,2023-03-28,r5995726,4
380,251,6033790b521d,2023-04-04,r4723487,3
381,251,6033790b521d,2023-04-04,c2954425,1
382,251,6033790b521d,2023-04-04,c4305096,2
383,288,6033790b521d,2023-04-19,r7843094,2
384,305,6033790b521d,2023-04-27,c7290449,2
385,305,6033790b521d,2023-04-27,c7290449,2
386,326,6033790b521d,2023-05-06,z4108201,1
387,326,6033790b521d,2023-05-06,z2536862,2
388,326,6033790b521d,2023-05-06,z4628406,2
389,352,6033790b521d,2023-05-16,r7843094,3
390,378,6033790b521d,2023-05-25,r7843094,3
391,378,6033790b521d,2023-05-25,r6291705,1
392,412,6033790b521d,2023-06-08,z7690041,4
393,422,6033790b521d,2023-06-11,z7997568,3
394,422,6033790b521d,2023-06-11,z4628406,1
395,424,6033790b521d,2023-06-12,c7290449,4
396,429,6033790b521d,2023-06-13,z4108201,1
397,443,6033790b521d,2023-06-20,b2821864,2
398,443,6033790b521d,2023-06-20,r6291705,4
399,473,6033790b521d,2023-07-03,b2821864,4
400,473,6033790b521d,2023-07-03,z4661475,1
401,473,6033790b521d,2023-07-03,c4248088,2
402,505,6033790b521d,2023-07-17,c2954425,2
403,505,6033790b521d,2023-07-17,r4723487,2
404,505,6033790b521d,2023-07-17,z8938927,2
405,542,6033790b521d,2023-07-27,c4248088,4
406,542,6033790b521d,2023-07-27,b7097833,2
407,542,6033790b521d,2023-07-27,b9175704,3
408,552,6033790b521d,2023-07-31,z8938927,1
409,552,6033790b521d,2023-07-31,z7690041,2
410,556,6033790b521d,2023-08-01,c2954425,2
411,616,6033790b521d,2023-08-24,z7690041,3
412,616,6033790b521d,2023-08-24,c4248088,2
413,616,6033790b521d,2023-08-24,z7997568,4
414,661,6033790b521d,2023-09-13,c4305096,1
415,661,6033790b521d,2023-09-13,b7097833,1
416,675,6033790b521d,2023-09-18,r7843094,4
417,675,6033790b521d,2023-09-18,c7290449,1
418,704,6033790b521d,2023-09-30,z7997568,4
419,722,6033790b521d,2023-10-06,z7997568,1
420,722,6033790b521d,2023-10-06,c7290449,2
421,730,6033790b521d,2023-10-10,c4248088,2
422,730,6033790b521d,2023-10-10,r6291705,1
423,746,6033790b521d,2023-10-15,z4628406,1
424,753,6033790b521d,2023-10-19,z2536862,2
425,753,6033790b521d,2023-10-19,z4661475,4
426,778,6033790b521d,2023-10-25,r4723487,4
427,790,6033790b521d,2023-10-28,r5995726,3
428,790,6033790b521d,2023-10-28,c4248088,1
429,809,6033790b521d,2023-11-02,c2954425,4
430,809,6033790b521d,2023-11-02,r6291705,4
431,815,6033790b521d,2023-11-03,z2536862,1
432,815,6033790b521d,2023-11-03,z7690041,2
433,890,6033790b521d,2023-11-25,c4248088,2
434,893,6033790b521d,2023-11-26,z7690041,4
435,893,6033790b521d,2023-11-26,r6291705,3
436,893,6033790b521d,2023-11-26,z4108201,1
437,904,6033790b521d,2023-11-29,z4628406,3
438,904,6033790b521d,2023-11-29,z4628406,1
439,904,6033790b521d,2023-11-29,r5995726,1
440,907,6033790b521d,2023-11-30,b9175704,1
441,907,6033790b521d,2023-11-30,z7997568,3
442,907,6033790b521d,2023-11-30,z7690041,4
443,922,6033790b521d,2023-12-05,b8368563,3
444,922,6033790b521d,2023-12-05,z4628406,1
445,936,6033790b521d,2023-12-10,b8368563,3
446,950,6033790b521d,2023-12-13,z4661475,4
447,954,6033790b521d,2023-12-14,c4305096,1
448,978,6033790b521d,2023-12-26,r4723487,2
449,978,6033790b521d,2023-12-26,b2821864,4
450,978,6033790b521d,2023-12-26,c2954425,1
451,994,6033790b521d,2024-01-01,z4661475,1
452,994,6033790b521d,2024-01-01,b7097833,2
453,44,757a956a85fe,2023-01-19,b8368563,4
454,44,757a956a85fe,2023-01-19,z8938927,4
455,48,757a956a85fe,2023-01-21,b9175704,3
456,74,757a956a85fe,2023-01-29,r4723487,2
457,74,757a956a85fe,2023-01-29,z4108201,4
458,74,757a956a85fe,2023-01-29,z2536862,4
459,118,757a956a85fe,2023-02-13,r4723487,4
460,118,757a956a85fe,2023-02-13,z7690041,3
461,118,757a956a85fe,2023-02-13,z4108201,2
462,129,757a956a85fe,2023-02-17,z4661475,3
463,139,757a956a85fe,2023-02-20,z4661475,3
464,139,757a956a85fe,2023-02-20,b7097833,4
465,141,757a956a85fe,2023-02-21,c4248088,3
466,185,757a956a85fe,2023-03-08,z4108201,2
467,185,757a956a85fe,2023-03-08,z2536862,1
468,185,757a956a85fe,2023-03-08,b8368563,2
469,211,757a956a85fe,2023-03-15,r7843094,3
470,211,757a956a85fe,2023-03-15,z4661475,1
471,211,757a956a85fe,2023-03-15,b7097833,4
472,226,757a956a85fe,2023-03-22,c4248088,2
473,238,757a956a85fe,2023-03-28,z7690041,2
474,238,757a956a85fe,2023-03-28,r4723487,2
475,238,757a956a85fe,2023-03-28,b9175704,3
476,320,757a956a85fe,2023-05-04,z2536862,1
477,333,757a956a85fe,2023-05-08,z4108201,4
478,333,757a956a85fe,2023-05-08,c8343296,4
479,342,757a956a85fe,2023-05-13,c7290449,1
480,349,757a956a85fe,2023-05-15,r5995726,1
481,349,757a956a85fe,2023-05-15,z7997568,3
482,349,757a956a85fe,2023-05-15,z7690041,3
483,356,757a956a85fe,2023-05-17,z7690041,4
484,356,757a956a85fe,2023-05-17,z4628406,1
485,356,757a956a85fe,2023-05-17,r7843094,2
486,371,757a956a85fe,2023-05-23,c7290449,1
487,432,757a956a85fe,2023-06-16,r4723487,2
488,432,757a956a85fe,2023-06-16,b9175704,2
489,457,757a956a85fe,2023-06-28,b9175704,4
490,457,757a956a85fe,2023-06-28,z7997568,4
491,492,757a956a85fe,2023-07-11,z4108201,2
492,492,757a956a85fe,2023-07-11,c4305096,4
493,512,757a956a85fe,2023-07-18,r6291705,1
494,512,757a956a85fe,2023-07-18,c7290449,4
495,512,757a956a85fe,2023-07-18,r4723487,3
496,524,757a956a85fe,2023-07-21,z2536862,2
497,531,757a956a85fe,2023-07-24,r7843094,3
498,531,757a956a85fe,2023-07-24,c4305096,2
499,531,757a956a85fe,2023-07-24,c2954425,1
500,567,757a956a85fe,2023-08-06,z8938927,2
501,567,757a956a85fe,2023-08-06,b8368563,3
502,586,757a956a85fe,2023-08-13,z7997568,1
503,586,757a956a85fe,2023-08-13,z4628406,3
504,590,757a956a85fe,2023-08-14,r7843094,2
505,643,757a956a85fe,2023-09-05,r4723487,4
506,643,757a956a85fe,2023-09-05,b8368563,4
507,643,757a956a85fe,2023-09-05,b9175704,4
508,668,757a956a85fe,2023-09-15,c4248088,4
509,668,757a956a85fe,2023-09-15,c4305096,3
510,681,757a956a85fe,2023-09-20,r4723487,1
511,681,757a956a85fe,2023-09-20,z8938927,4
512,688,757a956a85fe,2023-09-21,b9175704,3
513,688,757a956a85fe,2023-09-21,z4661475,3
514,719,757a956a85fe,2023-10-05,z4628406,2
515,719,757a956a85fe,2023-10-05,z4108201,3
516,736,757a956a85fe,2023-10-12,r4723487,3
517,741,757a956a85fe,2023-10-13,z4661475,1
518,741,757a956a85fe,2023-10-13,c7290449,4
519,758,757a956a85fe,2023-10-20,b8368563,1
520,758,757a956a85fe,2023-10-20,c8343296,1
521,758,757a956a85fe,2023-10-20,z2536862,2
522,779,757a956a85fe,2023-10-25,b7097833,4
523,861,757a956a85fe,2023-11-16,z7690041,2
524,861,757a956a85fe,2023-11-16,z4628406,4
525,861,757a956a85fe,2023-11-16,z2536862,4
526,875,757a956a85fe,2023-11-20,z4108201,4
527,877,757a956a85fe,2023-11-21,r4723487,4
528,877,757a956a85fe,2023-11-21,b9175704,2
529,919,757a956a85fe,2023-12-04,c2954425,4
530,919,757a956a85fe,2023-12-04,c2954425,4
531,919,757a956a85fe,2023-12-04,z7997568,1
532,932,757a956a85fe,2023-12-08,r7843094,1
533,932,757a956a85fe,2023-12-08,b2821864,3
534,962,757a956a85fe,2023-12-18,c7290449,1
535,962,757a956a85fe,2023-12-18,z4661475,4
536,962,757a956a85fe,2023-12-18,z7997568,4
537,981,757a956a85fe,2023-12-27,z2536862,3
538,984,757a956a85fe,2023-12-28,c4248088,3
539,984,757a956a85fe,2023-12-28,z7690041,3
540,9,7940bd361dc8,2023-01-04,c4248088,3
541,12,7940bd361dc8,2023-01-07,r4723487,4
542,12,7940bd361dc8,2023-01-07,r5995726,1
543,12,7940bd361dc8,2023-01-07,r4723487,3
544,20,7940bd361dc8,2023-01-09,z4108201,3
545,20,7940bd361dc8,2023-01-09,z4628406,4
546,20,7940bd361dc8,2023-01-09,z4628406,2
547,60,7940bd361dc8,2023-01-24,c8343296,3
548,60,7940bd361dc8,2023-01-24,r7843094,2
549,60,7940bd361dc8,2023-01-24,b8368563,3
550,110,7940bd361dc8,2023-02-11,c2954425,1
551,110,7940bd361dc8,2023-02-11,r5995726,4
552,110,7940bd361dc8,2023-02-11,z8938927,4
553,149,7940bd361dc8,2023-02-24,c7290449,2
554,207,7940bd361dc8,2023-03-14,c7290449,3
555,214,7940bd361dc8,2023-03-17,r7843094,4
556,214,7940bd361dc8,2023-03-17,b8368563,3
557,214,7940bd361dc8,2023-03-17,c8343296,2
558,267,7940bd361dc8,2023-04-10,c4248088,4
559,267,7940bd361dc8,2023-04-10,b8368563,3
560,267,7940bd361dc8,2023-04-10,c8343296,2
561,286,7940bd361dc8,2023-04-18,b9175704,3
562,286,7940bd361dc8,2023-04-18,b2821864,1
563,289,7940bd361dc8,2023-04-19,b9175704,3
564,315,7940bd361dc8,2023-04-30,z4108201,3
565,315,7940bd361dc8,2023-04-30,c8343296,1
566,315,7940bd361dc8,2023-04-30,c7290449,1
567,374,7940bd361dc8,2023-05-24,r5995726,2
568,379,7940bd361dc8,2023-05-25,c7290449,2
569,379,7940bd361dc8,2023-05-25,c4305096,1
570,449,7940bd361dc8,2023-06-23,c2954425,2
571,451,7940bd361dc8,2023-06-26,b7097833,1
572,451,7940bd361dc8,2023-06-26,z4628406,4
573,451,7940bd361dc8,2023-06-26,c4248088,4
574,455,7940bd361dc8,2023-06-27,b9175704,4
575,455,7940bd361dc8,2023-06-27,z7997568,2
576,455,7940bd361dc8,2023-06-27,c2954425,4
577,497,7940bd361dc8,2023-07-12,z2536862,3
578,497,7940bd361dc8,2023-07-12,r7843094,3
579,497,7940bd361dc8,2023-07-12,b9175704,4
580,526,7940bd361dc8,2023-07-22,z4628406,1
581,587,7940bd361dc8,2023-08-13,z4108201,4
582,587,7940bd361dc8,2023-08-13,z4628406,2
583,593,7940bd361dc8,2023-08-15,z7690041,2
584,593,7940bd361dc8,2023-08-15,z7997568,2
585,601,7940bd361dc8,2023-08-18,r7843094,4
586,627,7940bd361dc8,2023-08-30,z7997568,4
587,630,7940bd361dc8,2023-08-31,c4305096,1
588,635,7940bd361dc8,2023-09-02,c4305096,1
589,652,7940bd361dc8,2023-09-08,b8368563,4
590,652,7940bd361dc8,2023-09-08,b8368563,3
591,691,7940bd361dc8,2023-09-22,z2536862,3
592,691,7940bd361dc8,2023-09-22,b9175704,2
593,731,7940bd361dc8,2023-10-10,b2821864,4
594,731,7940bd361dc8,2023-10-10,c4305096,2
595,771,7940bd361dc8,2023-10-23,z2536862,1
596,791,7940bd361dc8,2023-10-28,r5995726,4
597,799,7940bd361dc8,2023-10-30,r6291705,4
598,799,7940bd361dc8,2023-10-30,c4305096,3
599,818,7940bd361dc8,2023-11-04,c8343296,3
600,818,7940bd361dc8,2023-11-04,b2821864,1
601,825,7940bd361dc8,2023-11-06,r7843094,3
602,837,7940bd361dc8,2023-11-08,z2536862,1
603,858,7940bd361dc8,2023-11-15,z7690041,2
604,878,7940bd361dc8,2023-11-21,c4248088,2
605,878,7940bd361dc8,2023-11-21,r5995726,2
606,883,7940bd361dc8,2023-11-23,c2954425,1
607,883,7940bd361dc8,2023-11-23,c8343296,3
608,891,7940bd361dc8,2023-11-25,z4661475,2
609,970,7940bd361dc8,2023-12-22,r7843094,1
610,985,7940bd361dc8,2023-12-28,z2536862,4
611,66,81e649b6fcfd,2023-01-26,r4723487,3
612,66,81e649b6fcfd,2023-01-26,z8938927,1
613,115,81e649b6fcfd,2023-02-12,r7843094,4
614,154,81e649b6fcfd,2023-02-26,r6291705,1
615,162,81e649b6fcfd,2023-03-01,z8938927,1
616,162,81e649b6fcfd,2023-03-01,z8938927,3
617,162,81e649b6fcfd,2023-03-01,z8938927,2
618,173,81e649b6fcfd,2023-03-04,z2536862,4
619,173,81e649b6fcfd,2023-03-04,b9175704,2
620,181,81e649b6fcfd,2023-03-07,r7843094,4
621,194,81e649b6fcfd,2023-03-10,z7997568,1
622,194,81e649b6fcfd,2023-03-10,z7690041,1
623,240,81e649b6fcfd,2023-03-29,c4248088,4
624,240,81e649b6fcfd,2023-03-29,c4305096,2
625,242,81e649b6fcfd,2023-03-30,r4723487,2
626,276,81e649b6fcfd,2023-04-14,z4108201,2
627,276,81e649b6fcfd,2023-04-14,z7997568,3
628,283,81e649b6fcfd,2023-04-17,b8368563,3
629,283,81e649b6fcfd,2023-04-17,r6291705,1
630,283,81e649b6fcfd,2023-04-17,b8368563,2
631,319,81e649b6fcfd,2023-05-03,b9175704,4
632,319,81e649b6fcfd,2023-05-03,z8938927,1
633,338,81e649b6fcfd,2023-05-12,c2954425,1
634,338,81e649b6fcfd,2023-05-12,r7843094,4
635,338,81e649b6fcfd,2023-05-12,b9175704,3
636,383,81e649b6fcfd,2023-05-27,z4108201,4
637,383,81e649b6fcfd,2023-05-27,r4723487,1
638,383,81e649b6fcfd,2023-05-27,c2954425,4
639,413,81e649b6fcfd,2023-06-08,c2954425,1
640,485,81e649b6fcfd,2023-07-08,c2954425,1
641,519,81e649b6fcfd,2023-07-20,c8343296,3
642,588,81e649b6fcfd,2023-08-13,z2536862,1
643,588,81e649b6fcfd,2023-08-13,z4108201,1
644,597,81e649b6fcfd,2023-08-16,r5995726,4
645,597,81e649b6fcfd,2023-08-16,c2954425,3
646,625,81e649b6fcfd,2023-08-28,z4108201,2
647,631,81e649b6fcfd,2023-08-31,b7097833,1
648,631,81e649b6fcfd,2023-08-31,c7290449,4
649,656,81e649b6fcfd,2023-09-11,z4628406,2
650,656,81e649b6fcfd,2023-09-11,z2536862,1
651,669,81e649b6fcfd,2023-09-16,r4723487,1
652,669,81e649b6fcfd,2023-09-16,z4661475,2
653,669,81e649b6fcfd,2023-09-16,z8938927,3
654,672,81e649b6fcfd,2023-09-17,z2536862,2
655,672,81e649b6fcfd,2023-09-17,b8368563,2
656,672,81e649b6fcfd,2023-09-17,r5995726,3
657,682,81e649b6fcfd,2023-09-20,z4628406,1
658,682,81e649b6fcfd,2023-09-20,b7097833,3
659,774,81e649b6fcfd,2023-10-24,r4723487,1
660,774,81e649b6fcfd,2023-10-24,r5995726,4
661,774,81e649b6fcfd,2023-10-24,b8368563,4
662,795,81e649b6fcfd,2023-10-29,c8343296,4
663,800,81e649b6fcfd,2023-10-30,r4723487,2
664,800,81e649b6fcfd,2023-10-30,z2536862,1
665,842,81e649b6fcfd,2023-11-09,z4661475,3
666,842,81e649b6fcfd,2023-11-09,c2954425,2
667,842,81e649b6fcfd,2023-11-09,z2536862,4
668,884,81e649b6fcfd,2023-11-23,b2821864,4
669,894,81e649b6fcfd,2023-11-26,z2536862,2
670,927,81e649b6fcfd,2023-12-07,z4108201,1
671,927,81e649b6fcfd,2023-12-07,z4108201,4
672,927,81e649b6fcfd,2023-12-07,b7097833,2
673,933,81e649b6fcfd,2023-12-09,b9175704,2
674,933,81e649b6fcfd,2023-12-09,z7690041,3
675,960,81e649b6fcfd,2023-12-17,z4108201,3
676,982,81e649b6fcfd,2023-12-27,z4628406,2
677,982,81e649b6fcfd,2023-12-27,r4723487,3
678,982,81e649b6fcfd,2023-12-27,r5995726,3
679,991,81e649b6fcfd,2023-12-31,r4723487,2
680,4,9765da35893b,2023-01-03,z7997568,4
681,4,9765da35893b,2023-01-03,r6291705,2
682,41,9765da35893b,2023-01-18,r5995726,4
683,41,9765da35893b,2023-01-18,b8368563,4
684,77,9765da35893b,2023-01-30,c7290449,3
685,77,9765da35893b,2023-01-30,z8938927,4
686,96,9765da35893b,2023-02-05,c2954425,2
687,107,9765da35893b,2023-02-10,r5995726,2
688,119,9765da35893b,2023-02-13,z4628406,4
689,150,9765da35893b,2023-02-24,c7290449,3
690,151,9765da35893b,2023-02-25,c7290449,1
691,155,9765da35893b,2023-02-26,b7097833,4
692,155,9765da35893b,2023-02-26,r7843094,2
693,161,9765da35893b,2023-02-28,r6291705,4
694,163,9765da35893b,2023-03-01,c4305096,1
695,186,9765da35893b,2023-03-08,c4248088,3
696,202,9765da35893b,2023-03-13,r5995726,3
697,202,9765da35893b,2023-03-13,b9175704,1
698,202,9765da35893b,2023-03-13,r6291705,3
699,220,9765da35893b,2023-03-20,c7290449,3
700,220,9765da35893b,2023-03-20,z7997568,3
701,252,9765da35893b,2023-04-04,z7690041,4
702,252,9765da35893b,2023-04-04,c8343296,1
703,256,9765da35893b,2023-04-06,z2536862,4
704,268,9765da35893b,2023-04-11,z7997568,4
705,279,9765da35893b,2023-04-16,b2821864,4
706,279,9765da35893b,2023-04-16,b8368563,3
707,343,9765da35893b,2023-05-13,z4661475,1
708,343,9765da35893b,2023-05-13,c2954425,3
709,343,9765da35893b,2023-05-13,c4305096,3
710,344,9765da35893b,2023-05-14,c2954425,3
711,353,9765da35893b,2023-05-16,z8938927,3
712,375,9765da35893b,2023-05-24,z4628406,2
713,375,9765da35893b,2023-05-24,c4248088,3
714,380,9765da35893b,2023-05-25,z7997568,1
715,380,9765da35893b,2023-05-25,z7690041,1
716,380,9765da35893b,2023-05-25,z7690041,4
717,388,9765da35893b,2023-05-29,z8938927,2
718,388,9765da35893b,2023-05-29,z4108201,4
719,388,9765da35893b,2023-05-29,z2536862,4
720,436,9765da35893b,2023-06-18,z4661475,2
721,436,9765da35893b,2023-06-18,r5995726,3
722,436,9765da35893b,2023-06-18,z2536862,1
723,458,9765da35893b,2023-06-28,z8938927,4
724,458,9765da35893b,2023-06-28,r5995726,1
725,481,9765da35893b,2023-07-07,b9175704,1
726,481,9765da35893b,2023-07-07,z2536862,3
727,481,9765da35893b,2023-07-07,z4628406,3
728,520,9765da35893b,2023-07-20,z7997568,4
729,547,9765da35893b,2023-07-29,z4628406,1
730,547,9765da35893b,2023-07-29,c4305096,4
731,547,9765da35893b,2023-07-29,c4248088,2
732,549,9765da35893b,2023-07-30,r4723487,2
733,549,9765da35893b,2023-07-30,c2954425,3
734,581,9765da35893b,2023-08-12,b2821864,1
735,581,9765da35893b,2023-08-12,r6291705,3
736,602,9765da35893b,2023-08-18,r4723487,2
737,605,9765da35893b,2023-08-19,b7097833,3
738,605,9765da35893b,2023-08-19,z2536862,3
739,636,9765da35893b,2023-09-02,b8368563,4
740,636,9765da35893b,2023-09-02,r5995726,2
741,636,9765da35893b,2023-09-02,c4248088,2
742,641,9765da35893b,2023-09-04,b8368563,4
743,641,9765da35893b,2023-09-04,c8343296,1
744,641,9765da35893b,2023-09-04,b2821864,3
745,644,9765da35893b,2023-09-05,c4305096,4
746,653,9765da35893b,2023-09-08,b2821864,1
747,665,9765da35893b,2023-09-14,z4661475,2
748,665,9765da35893b,2023-09-14,b7097833,4
749,665,9765da35893b,2023-09-14,c7290449,4
750,670,9765da35893b,2023-09-16,b2821864,2
751,670,9765da35893b,2023-09-16,z7997568,3
752,670,9765da35893b,2023-09-16,r6291705,3
753,683,9765da35893b,2023-09-20,b7097833,2
754,683,9765da35893b,2023-09-20,z7997568,2
755,705,9765da35893b,2023-09-30,r6291705,4
756,705,9765da35893b,2023-09-30,c2954425,4
757,705,9765da35893b,2023-09-30,z4628406,3
758,720,9765da35893b,2023-10-05,z2536862,3
759,737,9765da35893b,2023-10-12,r5995726,1
760,744,9765da35893b,2023-10-14,b2821864,2
761,751,9765da35893b,2023-10-18,z4661475,4
762,754,9765da35893b,2023-10-19,c8343296,2
763,754,9765da35893b,2023-10-19,c2954425,1
764,764,9765da35893b,2023-10-22,c4248088,4
765,764,9765da35893b,2023-10-22,z4108201,4
766,780,9765da35893b,2023-10-25,c4305096,1
767,780,9765da35893b,2023-10-25,c7290449,2
768,816,9765da35893b,2023-11-03,b7097833,2
769,816,9765da35893b,2023-11-03,z4628406,3
770,838,9765da35893b,2023-11-08,z8938927,4
771,862,9765da35893b,2023-11-16,b9175704,4
772,862,9765da35893b,2023-11-16,z7997568,1
773,886,9765da35893b,2023-11-24,z8938927,1
774,910,9765da35893b,2023-12-01,b7097833,3
775,944,9765da35893b,2023-12-11,z4628406,3
776,944,9765da35893b,2023-12-11,c2954425,2
777,944,9765da35893b,2023-12-11,r5995726,2
778,946,9765da35893b,2023-12-12,z7690041,2
779,946,9765da35893b,2023-12-12,r4723487,1
780,946,9765da35893b,2023-12-12,b7097833,3
781,995,9765da35893b,2024-01-01,b9175704,3
782,995,9765da35893b,2024-01-01,c8343296,3
783,998,9765da35893b,2024-01-02,c4305096,4
784,29,a08c5cfffde5,2023-01-12,z4108201,1
785,34,a08c5cfffde5,2023-01-15,c7290449,4
786,34,a08c5cfffde5,2023-01-15,r4723487,2
787,34,a08c5cfffde5,2023-01-15,c4305096,2
788,49,a08c5cfffde5,2023-01-21,c4305096,3
789,49,a08c5cfffde5,2023-01-21,b9175704,4
790,49,a08c5cfffde5,2023-01-21,z4661475,2
791,62,a08c5cfffde5,2023-01-25,z4661475,2
792,62,a08c5cfffde5,2023-01-25,b7097833,4
793,62,a08c5cfffde5,2023-01-25,z7690041,2
794,88,a08c5cfffde5,2023-02-02,r4723487,4
795,88,a08c5cfffde5,2023-02-02,c7290449,1
796,116,a08c5cfffde5,2023-02-12,z7690041,4
797,116,a08c5cfffde5,2023-02-12,b2821864,4
798,120,a08c5cfffde5,2023-02-13,z4108201,1
799,120,a08c5cfffde5,2023-02-13,z8938927,4
800,159,a08c5cfffde5,2023-02-27,z2536862,4
801,159,a08c5cfffde5,2023-02-27,z4108201,2
802,174,a08c5cfffde5,2023-03-04,z4108201,2
803,174,a08c5cfffde5,2023-03-04,b7097833,1
804,182,a08c5cfffde5,2023-03-07,z7997568,1
805,203,a08c5cfffde5,2023-03-13,r5995726,2
806,212,a08c5cfffde5,2023-03-15,r7843094,1
807,212,a08c5cfffde5,2023-03-15,z4661475,1
808,212,a08c5cfffde5,2023-03-15,c4305096,1
809,230,a08c5cfffde5,2023-03-25,z7997568,3
810,259,a08c5cfffde5,2023-04-07,c4305096,4
811,259,a08c5cfffde5,2023-04-07,c4248088,1
812,290,a08c5cfffde5,2023-04-20,r4723487,4
813,301,a08c5cfffde5,2023-04-26,z4108201,4
814,301,a08c5cfffde5,2023-04-26,b2821864,1
815,306,a08c5cfffde5,2023-04-27,c4305096,3
816,306,a08c5cfffde5,2023-04-27,c4248088,4
817,327,a08c5cfffde5,2023-05-06,r4723487,3
818,327,a08c5cfffde5,2023-05-06,z4108201,2
819,327,a08c5cfffde5,2023-05-06,c7290449,1
820,366,a08c5cfffde5,2023-05-21,z4661475,4
821,366,a08c5cfffde5,2023-05-21,b8368563,3
822,366,a08c5cfffde5,2023-05-21,c2954425,3
823,376,a08c5cfffde5,2023-05-24,z7690041,4
824,376,a08c5cfffde5,2023-05-24,b8368563,2
825,409,a08c5cfffde5,2023-06-07,r5995726,3
826,409,a08c5cfffde5,2023-06-07,c8343296,2
827,418,a08c5cfffde5,2023-06-10,r5995726,1
828,418,a08c5cfffde5,2023-06-10,c2954425,2
829,423,a08c5cfffde5,2023-06-11,b9175704,2
830,423,a08c5cfffde5,2023-06-11,b2821864,3
831,445,a08c5cfffde5,2023-06-21,b2821864,2
832,445,a08c5cfffde5,2023-06-21,b8368563,1
833,445,a08c5cfffde5,2023-06-21,r5995726,2
834,452,a08c5cfffde5,2023-06-26,z4661475,2
835,452,a08c5cfffde5,2023-06-26,z7690041,4
836,452,a08c5cfffde5,2023-06-26,b9175704,2
837,462,a08c5cfffde5,2023-06-30,z4661475,3
838,498,a08c5cfffde5,2023-07-12,b9175704,1
839,498,a08c5cfffde5,2023-07-12,c4305096,2
840,498,a08c5cfffde5,2023-07-12,b7097833,1
841,506,a08c5cfffde5,2023-07-17,b9175704,2
842,513,a08c5cfffde5,2023-07-18,r5995726,1
843,513,a08c5cfffde5,2023-07-18,b7097833,4
844,538,a08c5cfffde5,2023-07-26,c2954425,3
845,538,a08c5cfffde5,2023-07-26,b2821864,3
846,561,a08c5cfffde5,2023-08-04,z7997568,1
847,561,a08c5cfffde5,2023-08-04,c4305096,3
848,561,a08c5cfffde5,2023-08-04,c7290449,3
849,603,a08c5cfffde5,2023-08-18,z7690041,1
850,603,a08c5cfffde5,2023-08-18,c8343296,2
851,603,a08c5cfffde5,2023-08-18,z7690041,3
852,622,a08c5cfffde5,2023-08-27,c4248088,4
853,622,a08c5cfffde5,2023-08-27,r4723487,1
854,648,a08c5cfffde5,2023-09-07,z8938927,3
855,648,a08c5cfffde5,2023-09-07,r6291705,1
856,648,a08c5cfffde5,2023-09-07,z4661475,1
857,689,a08c5cfffde5,2023-09-21,c4248088,4
858,692,a08c5cfffde5,2023-09-22,c2954425,1
859,713,a08c5cfffde5,2023-10-04,z7997568,3
860,713,a08c5cfffde5,2023-10-04,z4628406,1
861,745,a08c5cfffde5,2023-10-14,c2954425,4
862,745,a08c5cfffde5,2023-10-14,c8343296,1
863,745,a08c5cfffde5,2023-10-14,b8368563,2
864,748,a08c5cfffde5,2023-10-16,b7097833,3
865,748,a08c5cfffde5,2023-10-16,r5995726,3
866,748,a08c5cfffde5,2023-10-16,c4305096,4
867,755,a08c5cfffde5,2023-10-19,z7690041,3
868,772,a08c5cfffde5,2023-10-23,r6291705,4
869,772,a08c5cfffde5,2023-10-23,c4305096,4
870,781,a08c5cfffde5,2023-10-25,r5995726,2
871,781,a08c5cfffde5,2023-10-25,z4661475,4
872,781,a08c5cfffde5,2023-10-25,r4723487,1
873,855,a08c5cfffde5,2023-11-13,z4661475,3
874,855,a08c5cfffde5,2023-11-13,r7843094,1
875,855,a08c5cfffde5,2023-11-13,b8368563,2
876,869,a08c5cfffde5,2023-11-19,r4723487,1
877,905,a08c5cfffde5,2023-11-29,c2954425,3
878,958,a08c5cfffde5,2023-12-16,c8343296,2
879,958,a08c5cfffde5,2023-12-16,c4305096,3
880,968,a08c5cfffde5,2023-12-20,r4723487,2
881,977,a08c5cfffde5,2023-12-24,r7843094,2
882,979,a08c5cfffde5,2023-12-26,z8938927,2
883,979,a08c5cfffde5,2023-12-26,z4108201,3
884,1,a32a2b5b8ff5,2023-01-02,r4723487,1
885,1,a32a2b5b8ff5,2023-01-02,r7843094,2
886,13,a32a2b5b8ff5,2023-01-07,c7290449,3
887,17,a32a2b5b8ff5,2023-01-08,r7843094,4
888,17,a32a2b5b8ff5,2023-01-08,b2821864,1
889,17,a32a2b5b8ff5,2023-01-08,b9175704,4
890,26,a32a2b5b8ff5,2023-01-11,b2821864,3
891,26,a32a2b5b8ff5,2023-01-11,z7997568,3
892,45,a32a2b5b8ff5,2023-01-19,c8343296,1
893,45,a32a2b5b8ff5,2023-01-19,c7290449,4
894,45,a32a2b5b8ff5,2023-01-19,c2954425,4
895,67,a32a2b5b8ff5,2023-01-26,b8368563,3
896,67,a32a2b5b8ff5,2023-01-26,r7843094,3
897,84,a32a2b5b8ff5,2023-02-01,c4305096,1
898,84,a32a2b5b8ff5,2023-02-01,c4305096,2
899,84,a32a2b5b8ff5,2023-02-01,c2954425,4
900,133,a32a2b5b8ff5,2023-02-18,z4108201,1
901,133,a32a2b5b8ff5,2023-02-18,b2821864,4
902,133,a32a2b5b8ff5,2023-02-18,r4723487,3
903,135,a32a2b5b8ff5,2023-02-19,c7290449,3
904,135,a32a2b5b8ff5,2023-02-19,c4248088,3
905,135,a32a2b5b8ff5,2023-02-19,z4108201,1
906,140,a32a2b5b8ff5,2023-02-20,c7290449,2
907,145,a32a2b5b8ff5,2023-02-22,r5995726,2
908,156,a32a2b5b8ff5,2023-02-26,z7690041,4
909,156,a32a2b5b8ff5,2023-02-26,r4723487,1
910,156,a32a2b5b8ff5,2023-02-26,r6291705,4
911,175,a32a2b5b8ff5,2023-03-04,c2954425,4
912,183,a32a2b5b8ff5,2023-03-07,b8368563,3
913,183,a32a2b5b8ff5,2023-03-07,r6291705,2
914,208,a32a2b5b8ff5,2023-03-14,b7097833,2
915,208,a32a2b5b8ff5,2023-03-14,c2954425,4
916,208,a32a2b5b8ff5,2023-03-14,z8938927,4
917,228,a32a2b5b8ff5,2023-03-23,b7097833,2
918,228,a32a2b5b8ff5,2023-03-23,z4108201,1
919,228,a32a2b5b8ff5,2023-03-23,z7690041,1
920,231,a32a2b5b8ff5,2023-03-25,z4628406,3
921,231,a32a2b5b8ff5,2023-03-25,r6291705,1
922,257,a32a2b5b8ff5,2023-04-06,c2954425,3
923,257,a32a2b5b8ff5,2023-04-06,c7290449,2
924,257,a32a2b5b8ff5,2023-04-06,r4723487,4
925,261,a32a2b5b8ff5,2023-04-08,z2536862,2
926,261,a32a2b5b8ff5,2023-04-08,c4305096,4
927,321,a32a2b5b8ff5,2023-05-04,b7097833,3
928,334,a32a2b5b8ff5,2023-05-08,z8938927,2
929,334,a32a2b5b8ff5,2023-05-08,z4661475,1
930,334,a32a2b5b8ff5,2023-05-08,z4108201,1
931,367,a32a2b5b8ff5,2023-05-21,b9175704,4
932,367,a32a2b5b8ff5,2023-05-21,z4108201,1
933,395,a32a2b5b8ff5,2023-06-01,b9175704,1
934,395,a32a2b5b8ff5,2023-06-01,z8938927,1
935,395,a32a2b5b8ff5,2023-06-01,z7690041,3
936,399,a32a2b5b8ff5,2023-06-04,b8368563,3
937,419,a32a2b5b8ff5,2023-06-10,r5995726,4
938,419,a32a2b5b8ff5,2023-06-10,c7290449,4
939,431,a32a2b5b8ff5,2023-06-15,z8938927,1
940,446,a32a2b5b8ff5,2023-06-21,z4628406,4
941,446,a32a2b5b8ff5,2023-06-21,z2536862,3
942,446,a32a2b5b8ff5,2023-06-21,r4723487,3
943,464,a32a2b5b8ff5,2023-07-01,z7997568,3
944,464,a32a2b5b8ff5,2023-07-01,c8343296,4
945,471,a32a2b5b8ff5,2023-07-02,b8368563,4
946,482,a32a2b5b8ff5,2023-07-07,z4661475,2
947,482,a32a2b5b8ff5,2023-07-07,z2536862,2
948,482,a32a2b5b8ff5,2023-07-07,c8343296,2
949,543,a32a2b5b8ff5,2023-07-27,b2821864,2
950,548,a32a2b5b8ff5,2023-07-29,z4628406,4
951,548,a32a2b5b8ff5,2023-07-29,z7690041,2
952,594,a32a2b5b8ff5,2023-08-15,z4108201,2
953,594,a32a2b5b8ff5,2023-08-15,b8368563,3
954,594,a32a2b5b8ff5,2023-08-15,b2821864,4
955,598,a32a2b5b8ff5,2023-08-16,z8938927,2
956,598,a32a2b5b8ff5,2023-08-16,z8938927,4
957,598,a32a2b5b8ff5,2023-08-16,z8938927,3
958,609,a32a2b5b8ff5,2023-08-21,z7690041,4
959,609,a32a2b5b8ff5,2023-08-21,z7997568,2
960,618,a32a2b5b8ff5,2023-08-25,z4108201,3
961,655,a32a2b5b8ff5,2023-09-10,z2536862,4
962,655,a32a2b5b8ff5,2023-09-10,r7843094,4
963,655,a32a2b5b8ff5,2023-09-10,r5995726,1
964,657,a32a2b5b8ff5,2023-09-11,r7843094,1
965,678,a32a2b5b8ff5,2023-09-19,c7290449,1
966,714,a32a2b5b8ff5,2023-10-04,b2821864,3
967,714,a32a2b5b8ff5,2023-10-04,r6291705,4
968,714,a32a2b5b8ff5,2023-10-04,r4723487,1
969,728,a32a2b5b8ff5,2023-10-09,r7843094,4
970,732,a32a2b5b8ff5,2023-10-11,z7997568,3
971,796,a32a2b5b8ff5,2023-10-29,r5995726,3
972,826,a32a2b5b8ff5,2023-11-06,z4628406,3
973,826,a32a2b5b8ff5,2023-11-06,b9175704,4
974,830,a32a2b5b8ff5,2023-11-07,z7690041,1
975,830,a32a2b5b8ff5,2023-11-07,c7290449,2
976,870,a32a2b5b8ff5,2023-11-19,z7997568,3
977,879,a32a2b5b8ff5,2023-11-21,z4661475,2
978,879,a32a2b5b8ff5,2023-11-21,c4305096,1
979,879,a32a2b5b8ff5,2023-11-21,z7690041,3
980,887,a32a2b5b8ff5,2023-11-24,r5995726,3
981,901,a32a2b5b8ff5,2023-11-28,c2954425,1
982,901,a32a2b5b8ff5,2023-11-28,c4305096,3
983,901,a32a2b5b8ff5,2023-11-28,r7843094,4
984,913,a32a2b5b8ff5,2023-12-02,z8938927,1
985,913,a32a2b5b8ff5,2023-12-02,c8343296,2
986,916,a32a2b5b8ff5,2023-12-03,b9175704,3
987,961,a32a2b5b8ff5,2023-12-17,c4305096,4
988,961,a32a2b5b8ff5,2023-12-17,r7843094,4
989,961,a32a2b5b8ff5,2023-12-17,c4248088,4
990,966,a32a2b5b8ff5,2023-12-19,c7290449,2
991,966,a32a2b5b8ff5,2023-12-19,c7290449,3
992,992,a32a2b5b8ff5,2023-12-31,z7997568,2
993,5,a7631504c6cd,2023-01-03,r7843094,4
994,5,a7631504c6cd,2023-01-03,z7690041,1
995,21,a7631504c6cd,2023-01-09,c7290449,2
996,21,a7631504c6cd,2023-01-09,c4248088,3
997,21,a7631504c6cd,2023-01-09,z4108201,4
998,32,a7631504c6cd,2023-01-14,z8938927,4
999,50,a7631504c6cd,2023-01-21,z7997568,1
1000,50,a7631504c6cd,2023-01-21,c4305096,2
1001,50,a7631504c6cd,2023-01-21,z2536862,4
1002,100,a7631504c6cd,2023-02-07,z4661475,3
1003,100,a7631504c6cd,2023-02-07,b2821864,3
1004,130,a7631504c6cd,2023-02-17,z4108201,4
1005,157,a7631504c6cd,2023-02-26,b7097833,1
1006,157,a7631504c6cd,2023-02-26,c7290449,1
1007,164,a7631504c6cd,2023-03-01,b7097833,1
1008,164,a7631504c6cd,2023-03-01,z4628406,1
1009,213,a7631504c6cd,2023-03-15,c7290449,3
1010,213,a7631504c6cd,2023-03-15,r7843094,3
1011,224,a7631504c6cd,2023-03-21,b7097833,3
1012,245,a7631504c6cd,2023-04-01,r7843094,1
1013,248,a7631504c6cd,2023-04-02,b8368563,3
1014,248,a7631504c6cd,2023-04-02,b7097833,4
1015,262,a7631504c6cd,2023-04-08,z4661475,2
1016,284,a7631504c6cd,2023-04-17,z4661475,4
1017,339,a7631504c6cd,2023-05-12,z4108201,1
1018,345,a7631504c6cd,2023-05-14,b7097833,1
1019,345,a7631504c6cd,2023-05-14,z2536862,3
1020,384,a7631504c6cd,2023-05-27,r7843094,4
1021,384,a7631504c6cd,2023-05-27,z7997568,2
1022,438,a7631504c6cd,2023-06-19,z2536862,1
1023,438,a7631504c6cd,2023-06-19,z7997568,3
1024,438,a7631504c6cd,2023-06-19,c7290449,3
1025,474,a7631504c6cd,2023-07-03,z4628406,2
1026,474,a7631504c6cd,2023-07-03,c8343296,3
1027,517,a7631504c6cd,2023-07-19,r4723487,4
1028,517,a7631504c6cd,2023-07-19,b7097833,4
1029,517,a7631504c6cd,2023-07-19,b8368563,4
1030,525,a7631504c6cd,2023-07-21,c8343296,1
1031,525,a7631504c6cd,2023-07-21,z4661475,3
1032,539,a7631504c6cd,2023-07-26,c8343296,1
1033,539,a7631504c6cd,2023-07-26,z2536862,3
1034,550,a7631504c6cd,2023-07-30,c8343296,4
1035,550,a7631504c6cd,2023-07-30,z8938927,3
1036,570,a7631504c6cd,2023-08-07,c4305096,1
1037,570,a7631504c6cd,2023-08-07,b8368563,1
1038,580,a7631504c6cd,2023-08-11,z4628406,1
1039,591,a7631504c6cd,2023-08-14,r6291705,3
1040,638,a7631504c6cd,2023-09-03,c4305096,4
1041,654,a7631504c6cd,2023-09-09,z8938927,1
1042,654,a7631504c6cd,2023-09-09,r7843094,2
1043,697,a7631504c6cd,2023-09-24,c8343296,1
1044,697,a7631504c6cd,2023-09-24,c7290449,2
1045,701,a7631504c6cd,2023-09-27,r7843094,4
1046,701,a7631504c6cd,2023-09-27,r6291705,1
1047,715,a7631504c6cd,2023-10-04,r4723487,4
1048,715,a7631504c6cd,2023-10-04,b9175704,1
1049,715,a7631504c6cd,2023-10-04,z8938927,2
1050,724,a7631504c6cd,2023-10-07,c8343296,2
1051,724,a7631504c6cd,2023-10-07,r7843094,1
1052,724,a7631504c6cd,2023-10-07,z4108201,2
1053,733,a7631504c6cd,2023-10-11,b7097833,3
1054,733,a7631504c6cd,2023-10-11,b2821864,2
1055,759,a7631504c6cd,2023-10-20,c4305096,3
1056,759,a7631504c6cd,2023-10-20,c8343296,4
1057,762,a7631504c6cd,2023-10-21,r4723487,3
1058,782,a7631504c6cd,2023-10-25,c4248088,1
1059,784,a7631504c6cd,2023-10-26,c7290449,2
1060,784,a7631504c6cd,2023-10-26,r5995726,1
1061,784,a7631504c6cd,2023-10-26,b2821864,3
1062,810,a7631504c6cd,2023-11-02,r7843094,3
1063,810,a7631504c6cd,2023-11-02,z4661475,2
1064,827,a7631504c6cd,2023-11-06,c4305096,1
1065,827,a7631504c6cd,2023-11-06,r4723487,1
1066,880,a7631504c6cd,2023-11-22,z4108201,3
1067,885,a7631504c6cd,2023-11-23,c2954425,1
1068,885,a7631504c6cd,2023-11-23,c2954425,1
1069,895,a7631504c6cd,2023-11-26,r4723487,4
1070,895,a7631504c6cd,2023-11-26,b2821864,2
1071,947,a7631504c6cd,2023-12-12,z7997568,3
1072,947,a7631504c6cd,2023-12-12,z7997568,3
1073,947,a7631504c6cd,2023-12-12,z2536862,3
1074,6,b0bae7aae64b,2023-01-03,c7290449,2
1075,6,b0bae7aae64b,2023-01-03,z2536862,3
1076,6,b0bae7aae64b,2023-01-03,c4305096,3
1077,51,b0bae7aae64b,2023-01-21,c8343296,4
1078,51,b0bae7aae64b,2023-01-21,b2821864,2
1079,63,b0bae7aae64b,2023-01-25,c8343296,4
1080,63,b0bae7aae64b,2023-01-25,z8938927,1
1081,101,b0bae7aae64b,2023-02-07,z2536862,2
1082,101,b0bae7aae64b,2023-02-07,r5995726,2
1083,101,b0bae7aae64b,2023-02-07,r6291705,4
1084,108,b0bae7aae64b,2023-02-10,b8368563,4
1085,121,b0bae7aae64b,2023-02-13,r5995726,1
1086,121,b0bae7aae64b,2023-02-13,c7290449,1
1087,121,b0bae7aae64b,2023-02-13,r6291705,4
1088,136,b0bae7aae64b,2023-02-19,c4305096,1
1089,136,b0bae7aae64b,2023-02-19,z8938927,4
1090,170,b0bae7aae64b,2023-03-03,z4661475,1
1091,177,b0bae7aae64b,2023-03-05,b7097833,4
1092,177,b0bae7aae64b,2023-03-05,c7290449,1
1093,187,b0bae7aae64b,2023-03-08,r7843094,1
1094,190,b0bae7aae64b,2023-03-09,z4628406,3
1095,190,b0bae7aae64b,2023-03-09,r5995726,4
1096,198,b0bae7aae64b,2023-03-11,r7843094,1
1097,198,b0bae7aae64b,2023-03-11,c4305096,4
1098,264,b0bae7aae64b,2023-04-09,c2954425,3
1099,264,b0bae7aae64b,2023-04-09,c2954425,4
1100,270,b0bae7aae64b,2023-04-12,c4248088,1
1101,313,b0bae7aae64b,2023-04-29,b8368563,3
1102,313,b0bae7aae64b,2023-04-29,r5995726,4
1103,350,b0bae7aae64b,2023-05-15,r4723487,4
1104,398,b0bae7aae64b,2023-06-02,z4661475,1
1105,398,b0bae7aae64b,2023-06-02,b8368563,1
1106,398,b0bae7aae64b,2023-06-02,z4628406,2
1107,491,b0bae7aae64b,2023-07-10,z7997568,1
1108,527,b0bae7aae64b,2023-07-22,z7690041,1
1109,528,b0bae7aae64b,2023-07-23,z4628406,3
1110,528,b0bae7aae64b,2023-07-23,z4108201,3
1111,532,b0bae7aae64b,2023-07-24,r6291705,1
1112,534,b0bae7aae64b,2023-07-25,r7843094,4
1113,534,b0bae7aae64b,2023-07-25,b9175704,4
1114,534,b0bae7aae64b,2023-07-25,c2954425,2
1115,540,b0bae7aae64b,2023-07-26,z4108201,3
1116,540,b0bae7aae64b,2023-07-26,c2954425,3
1117,551,b0bae7aae64b,2023-07-30,z8938927,4
1118,551,b0bae7aae64b,2023-07-30,b8368563,1
1119,551,b0bae7aae64b,2023-07-30,r5995726,2
1120,553,b0bae7aae64b,2023-07-31,b7097833,1
1121,553,b0bae7aae64b,2023-07-31,b2821864,2
1122,553,b0bae7aae64b,2023-07-31,r6291705,2
1123,565,b0bae7aae64b,2023-08-05,b8368563,2
1124,565,b0bae7aae64b,2023-08-05,r5995726,3
1125,576,b0bae7aae64b,2023-08-10,r4723487,2
1126,576,b0bae7aae64b,2023-08-10,z2536862,2
1127,576,b0bae7aae64b,2023-08-10,r6291705,3
1128,645,b0bae7aae64b,2023-09-05,b9175704,2
1129,649,b0bae7aae64b,2023-09-07,c8343296,3
1130,649,b0bae7aae64b,2023-09-07,c8343296,4
1131,649,b0bae7aae64b,2023-09-07,z4628406,2
1132,662,b0bae7aae64b,2023-09-13,c7290449,1
1133,662,b0bae7aae64b,2023-09-13,z4108201,4
1134,662,b0bae7aae64b,2023-09-13,z4108201,3
1135,690,b0bae7aae64b,2023-09-21,z4628406,1
1136,699,b0bae7aae64b,2023-09-26,b8368563,3
1137,699,b0bae7aae64b,2023-09-26,c2954425,4
1138,706,b0bae7aae64b,2023-10-01,b2821864,2
1139,706,b0bae7aae64b,2023-10-01,b9175704,3
1140,706,b0bae7aae64b,2023-10-01,z7690041,3
1141,716,b0bae7aae64b,2023-10-04,z7690041,1
1142,716,b0bae7aae64b,2023-10-04,b2821864,2
1143,716,b0bae7aae64b,2023-10-04,c4305096,1
1144,726,b0bae7aae64b,2023-10-08,c2954425,1
1145,726,b0bae7aae64b,2023-10-08,z7997568,2
1146,760,b0bae7aae64b,2023-10-20,c7290449,3
1147,760,b0bae7aae64b,2023-10-20,c8343296,4
1148,760,b0bae7aae64b,2023-10-20,z4628406,4
1149,765,b0bae7aae64b,2023-10-22,z4628406,2
1150,765,b0bae7aae64b,2023-10-22,c4248088,2
1151,765,b0bae7aae64b,2023-10-22,r5995726,2
1152,785,b0bae7aae64b,2023-10-26,b9175704,4
1153,785,b0bae7aae64b,2023-10-26,c8343296,4
1154,785,b0bae7aae64b,2023-10-26,b2821864,3
1155,823,b0bae7aae64b,2023-11-05,z8938927,3
1156,823,b0bae7aae64b,2023-11-05,r5995726,2
1157,831,b0bae7aae64b,2023-11-07,b7097833,4
1158,831,b0bae7aae64b,2023-11-07,z4661475,1
1159,871,b0bae7aae64b,2023-11-19,c7290449,3
1160,871,b0bae7aae64b,2023-11-19,z4628406,4
1161,881,b0bae7aae64b,2023-11-22,c4248088,1
1162,881,b0bae7aae64b,2023-11-22,r4723487,4
1163,888,b0bae7aae64b,2023-11-24,z4661475,4
1164,888,b0bae7aae64b,2023-11-24,r4723487,2
1165,911,b0bae7aae64b,2023-12-01,r4723487,4
1166,911,b0bae7aae64b,2023-12-01,b8368563,1
1167,914,b0bae7aae64b,2023-12-02,z2536862,3
1168,914,b0bae7aae64b,2023-12-02,b9175704,4
1169,914,b0bae7aae64b,2023-12-02,z4661475,2
1170,917,b0bae7aae64b,2023-12-03,b8368563,4
1171,917,b0bae7aae64b,2023-12-03,r4723487,3
1172,928,b0bae7aae64b,2023-12-07,r7843094,3
1173,928,b0bae7aae64b,2023-12-07,c4248088,4
1174,928,b0bae7aae64b,2023-12-07,c2954425,3
1175,948,b0bae7aae64b,2023-12-12,r5995726,1
1176,948,b0bae7aae64b,2023-12-12,r4723487,3
1177,948,b0bae7aae64b,2023-12-12,c7290449,3
1178,951,b0bae7aae64b,2023-12-13,r7843094,4
1179,951,b0bae7aae64b,2023-12-13,r7843094,3
1180,963,b0bae7aae64b,2023-12-18,r7843094,3
1181,963,b0bae7aae64b,2023-12-18,z7997568,4
1182,963,b0bae7aae64b,2023-12-18,r4723487,2
1183,987,b0bae7aae64b,2023-12-29,z2536862,4
1184,22,b575e08871df,2023-01-09,r5995726,4
1185,22,b575e08871df,2023-01-09,z4628406,4
1186,22,b575e08871df,2023-01-09,z2536862,3
1187,27,b575e08871df,2023-01-11,b8368563,2
1188,46,b575e08871df,2023-01-19,z8938927,2
1189,46,b575e08871df,2023-01-19,z2536862,3
1190,71,b575e08871df,2023-01-27,b7097833,3
1191,71,b575e08871df,2023-01-27,b8368563,2
1192,85,b575e08871df,2023-02-01,r5995726,4
1193,85,b575e08871df,2023-02-01,r7843094,4
1194,160,b575e08871df,2023-02-27,z7997568,3
1195,160,b575e08871df,2023-02-27,z7997568,1
1196,171,b575e08871df,2023-03-03,b7097833,2
1197,171,b575e08871df,2023-03-03,z4628406,4
1198,171,b575e08871df,2023-03-03,z4628406,2
1199,191,b575e08871df,2023-03-09,c2954425,3
1200,191,b575e08871df,2023-03-09,c8343296,2
1201,191,b575e08871df,2023-03-09,c4305096,2
1202,227,b575e08871df,2023-03-22,z4628406,1
1203,227,b575e08871df,2023-03-22,c2954425,1
1204,227,b575e08871df,2023-03-22,c4305096,4
1205,239,b575e08871df,2023-03-28,r4723487,3
1206,239,b575e08871df,2023-03-28,c2954425,4
1207,243,b575e08871df,2023-03-30,z8938927,3
1208,253,b575e08871df,2023-04-04,c4305096,3
1209,260,b575e08871df,2023-04-07,b8368563,3
1210,260,b575e08871df,2023-04-07,z4108201,3
1211,260,b575e08871df,2023-04-07,b2821864,4
1212,271,b575e08871df,2023-04-12,b2821864,1
1213,293,b575e08871df,2023-04-21,z2536862,2
1214,293,b575e08871df,2023-04-21,r6291705,2
1215,293,b575e08871df,2023-04-21,z4628406,4
1216,299,b575e08871df,2023-04-24,z2536862,3
1217,299,b575e08871df,2023-04-24,r4723487,1
1218,302,b575e08871df,2023-04-26,z4628406,1
1219,302,b575e08871df,2023-04-26,z7690041,3
1220,302,b575e08871df,2023-04-26,r6291705,2
1221,307,b575e08871df,2023-04-27,z4628406,3
1222,328,b575e08871df,2023-05-06,r4723487,1
1223,363,b575e08871df,2023-05-20,r7843094,1
1224,363,b575e08871df,2023-05-20,b2821864,4
1225,377,b575e08871df,2023-05-24,z4661475,3
1226,377,b575e08871df,2023-05-24,z4108201,1
1227,453,b575e08871df,2023-06-26,b8368563,2
1228,453,b575e08871df,2023-06-26,c4248088,2
1229,477,b575e08871df,2023-07-04,z7997568,1
1230,477,b575e08871df,2023-07-04,c7290449,2
1231,477,b575e08871df,2023-07-04,r4723487,4
1232,483,b575e08871df,2023-07-07,z7997568,2
1233,483,b575e08871df,2023-07-07,b7097833,3
1234,483,b575e08871df,2023-07-07,b2821864,2
1235,486,b575e08871df,2023-07-08,z8938927,1
1236,486,b575e08871df,2023-07-08,c8343296,2
1237,488,b575e08871df,2023-07-09,c4305096,2
1238,488,b575e08871df,2023-07-09,b9175704,3
1239,488,b575e08871df,2023-07-09,b7097833,3
1240,507,b575e08871df,2023-07-17,r6291705,3
1241,507,b575e08871df,2023-07-17,z4628406,3
1242,518,b575e08871df,2023-07-19,z4661475,3
1243,521,b575e08871df,2023-07-20,z2536862,4
1244,533,b575e08871df,2023-07-24,r6291705,2
1245,533,b575e08871df,2023-07-24,r4723487,1
1246,533,b575e08871df,2023-07-24,z2536862,1
1247,535,b575e08871df,2023-07-25,z7997568,1
1248,535,b575e08871df,2023-07-25,c8343296,4
1249,535,b575e08871df,2023-07-25,r7843094,2
1250,599,b575e08871df,2023-08-16,b7097833,2
1251,599,b575e08871df,2023-08-16,c4248088,2
1252,637,b575e08871df,2023-09-02,z4628406,3
1253,637,b575e08871df,2023-09-02,c4248088,3
1254,673,b575e08871df,2023-09-17,b7097833,1
1255,673,b575e08871df,2023-09-17,z7997568,4
1256,684,b575e08871df,2023-09-20,z8938927,3
1257,684,b575e08871df,2023-09-20,c4248088,4
1258,684,b575e08871df,2023-09-20,b9175704,2
1259,710,b575e08871df,2023-10-02,b7097833,4
1260,710,b575e08871df,2023-10-02,z4628406,4
1261,734,b575e08871df,2023-10-11,c2954425,1
1262,734,b575e08871df,2023-10-11,z7997568,3
1263,738,b575e08871df,2023-10-12,b2821864,4
1264,738,b575e08871df,2023-10-12,c8343296,2
1265,738,b575e08871df,2023-10-12,z7690041,4
1266,742,b575e08871df,2023-10-13,c8343296,3
1267,742,b575e08871df,2023-10-13,r5995726,4
1268,756,b575e08871df,2023-10-19,r4723487,4
1269,756,b575e08871df,2023-10-19,z4628406,2
1270,766,b575e08871df,2023-10-22,z4628406,1
1271,766,b575e08871df,2023-10-22,b8368563,4
1272,766,b575e08871df,2023-10-22,z4108201,1
1273,806,b575e08871df,2023-10-31,z4628406,4
1274,811,b575e08871df,2023-11-02,r5995726,4
1275,856,b575e08871df,2023-11-13,z7997568,2
1276,856,b575e08871df,2023-11-13,z4628406,3
1277,872,b575e08871df,2023-11-19,z2536862,2
1278,872,b575e08871df,2023-11-19,r6291705,3
1279,872,b575e08871df,2023-11-19,c4248088,2
1280,929,b575e08871df,2023-12-07,c2954425,4
1281,929,b575e08871df,2023-12-07,b2821864,1
1282,929,b575e08871df,2023-12-07,r4723487,3
1283,967,b575e08871df,2023-12-19,z7997568,4
1284,967,b575e08871df,2023-12-19,z8938927,3
1285,986,b575e08871df,2023-12-28,r6291705,2
1286,986,b575e08871df,2023-12-28,c4305096,4
1287,10,c39cb2c540b6,2023-01-05,z7997568,2
1288,10,c39cb2c540b6,2023-01-05,z4661475,3
1289,11,c39cb2c540b6,2023-01-06,r5995726,2
1290,11,c39cb2c540b6,2023-01-06,c4248088,2
1291,11,c39cb2c540b6,2023-01-06,z7997568,3
1292,68,c39cb2c540b6,2023-01-26,r7843094,4
1293,68,c39cb2c540b6,2023-01-26,r6291705,4
1294,68,c39cb2c540b6,2023-01-26,b8368563,1
1295,89,c39cb2c540b6,2023-02-02,c2954425,4
1296,111,c39cb2c540b6,2023-02-11,b7097833,1
1297,111,c39cb2c540b6,2023-02-11,r6291705,1
1298,111,c39cb2c540b6,2023-02-11,r6291705,3
1299,137,c39cb2c540b6,2023-02-19,z2536862,2
1300,137,c39cb2c540b6,2023-02-19,c4305096,3
1301,137,c39cb2c540b6,2023-02-19,c8343296,4
1302,188,c39cb2c540b6,2023-03-08,z4108201,1
1303,188,c39cb2c540b6,2023-03-08,b8368563,1
1304,204,c39cb2c540b6,2023-03-13,c8343296,4
1305,204,c39cb2c540b6,2023-03-13,b9175704,3
1306,219,c39cb2c540b6,2023-03-19,r5995726,2
1307,332,c39cb2c540b6,2023-05-07,r7843094,4
1308,336,c39cb2c540b6,2023-05-11,z2536862,1
1309,336,c39cb2c540b6,2023-05-11,z7690041,1
1310,336,c39cb2c540b6,2023-05-11,z4628406,4
1311,354,c39cb2c540b6,2023-05-16,z7690041,4
1312,372,c39cb2c540b6,2023-05-23,r5995726,3
1313,372,c39cb2c540b6,2023-05-23,z7997568,2
1314,414,c39cb2c540b6,2023-06-08,z7690041,3
1315,414,c39cb2c540b6,2023-06-08,b9175704,2
1316,420,c39cb2c540b6,2023-06-10,b8368563,4
1317,420,c39cb2c540b6,2023-06-10,z7690041,3
1318,448,c39cb2c540b6,2023-06-22,z4661475,4
1319,448,c39cb2c540b6,2023-06-22,c2954425,1
1320,465,c39cb2c540b6,2023-07-01,z4628406,4
1321,465,c39cb2c540b6,2023-07-01,r7843094,3
1322,465,c39cb2c540b6,2023-07-01,c8343296,4
1323,478,c39cb2c540b6,2023-07-04,c4248088,2
1324,478,c39cb2c540b6,2023-07-04,z4628406,1
1325,478,c39cb2c540b6,2023-07-04,c7290449,1
1326,479,c39cb2c540b6,2023-07-06,c2954425,4
1327,479,c39cb2c540b6,2023-07-06,z7690041,3
1328,493,c39cb2c540b6,2023-07-11,z8938927,1
1329,514,c39cb2c540b6,2023-07-18,r4723487,3
1330,514,c39cb2c540b6,2023-07-18,z2536862,2
1331,514,c39cb2c540b6,2023-07-18,b7097833,3
1332,522,c39cb2c540b6,2023-07-20,r7843094,4
1333,522,c39cb2c540b6,2023-07-20,z7997568,1
1334,545,c39cb2c540b6,2023-07-28,z8938927,4
1335,545,c39cb2c540b6,2023-07-28,c4248088,1
1336,545,c39cb2c540b6,2023-07-28,r5995726,3
1337,566,c39cb2c540b6,2023-08-05,z4108201,2
1338,577,c39cb2c540b6,2023-08-10,z4661475,2
1339,577,c39cb2c540b6,2023-08-10,c4248088,1
1340,592,c39cb2c540b6,2023-08-14,z7997568,4
1341,592,c39cb2c540b6,2023-08-14,b9175704,1
1342,592,c39cb2c540b6,2023-08-14,z4628406,2
1343,626,c39cb2c540b6,2023-08-28,z7690041,1
1344,626,c39cb2c540b6,2023-08-28,z4628406,1
1345,626,c39cb2c540b6,2023-08-28,b9175704,2
1346,647,c39cb2c540b6,2023-09-06,z4108201,2
1347,693,c39cb2c540b6,2023-09-22,z8938927,4
1348,693,c39cb2c540b6,2023-09-22,c4248088,2
1349,693,c39cb2c540b6,2023-09-22,z4628406,1
1350,703,c39cb2c540b6,2023-09-29,c7290449,2
1351,703,c39cb2c540b6,2023-09-29,r4723487,4
1352,707,c39cb2c540b6,2023-10-01,c7290449,3
1353,707,c39cb2c540b6,2023-10-01,z4108201,3
1354,749,c39cb2c540b6,2023-10-16,z4628406,4
1355,749,c39cb2c540b6,2023-10-16,c4305096,1
1356,749,c39cb2c540b6,2023-10-16,z2536862,1
1357,801,c39cb2c540b6,2023-10-30,c7290449,2
1358,801,c39cb2c540b6,2023-10-30,c4305096,2
1359,824,c39cb2c540b6,2023-11-05,r6291705,1
1360,824,c39cb2c540b6,2023-11-05,z4661475,2
1361,828,c39cb2c540b6,2023-11-06,c7290449,3
1362,828,c39cb2c540b6,2023-11-06,z4628406,1
1363,828,c39cb2c540b6,2023-11-06,b9175704,2
1364,839,c39cb2c540b6,2023-11-08,c7290449,3
1365,839,c39cb2c540b6,2023-11-08,b2821864,1
1366,865,c39cb2c540b6,2023-11-17,b8368563,4
1367,897,c39cb2c540b6,2023-11-27,c2954425,3
1368,920,c39cb2c540b6,2023-12-04,r7843094,2
1369,920,c39cb2c540b6,2023-12-04,z8938927,1
1370,923,c39cb2c540b6,2023-12-05,c8343296,1
1371,937,c39cb2c540b6,2023-12-10,b7097833,3
1372,937,c39cb2c540b6,2023-12-10,c4305096,1
1373,971,c39cb2c540b6,2023-12-22,r7843094,1
1374,971,c39cb2c540b6,2023-12-22,z7997568,4
1375,988,c39cb2c540b6,2023-12-29,r4723487,3
1376,988,c39cb2c540b6,2023-12-29,c2954425,4
1377,988,c39cb2c540b6,2023-12-29,r7843094,1
1378,990,c39cb2c540b6,2023-12-30,z8938927,2
1379,14,cc0fbd76e442,2023-01-07,z4108201,2
1380,14,cc0fbd76e442,2023-01-07,b7097833,1
1381,14,cc0fbd76e442,2023-01-07,b2821864,1
1382,42,cc0fbd76e442,2023-01-18,z8938927,1
1383,42,cc0fbd76e442,2023-01-18,r7843094,2
1384,52,cc0fbd76e442,2023-01-22,r6291705,4
1385,64,cc0fbd76e442,2023-01-25,b8368563,3
1386,64,cc0fbd76e442,2023-01-25,c4305096,3
1387,81,cc0fbd76e442,2023-01-31,z4661475,3
1388,81,cc0fbd76e442,2023-01-31,z7997568,3
1389,81,cc0fbd76e442,2023-01-31,r5995726,1
1390,93,cc0fbd76e442,2023-02-04,r4723487,2
1391,93,cc0fbd76e442,2023-02-04,z4108201,2
1392,178,cc0fbd76e442,2023-03-05,z2536862,3
1393,215,cc0fbd76e442,2023-03-18,z4628406,4
1394,215,cc0fbd76e442,2023-03-18,c4305096,3
1395,221,cc0fbd76e442,2023-03-20,r4723487,1
1396,272,cc0fbd76e442,2023-04-12,r4723487,1
1397,275,cc0fbd76e442,2023-04-13,r6291705,3
1398,296,cc0fbd76e442,2023-04-23,c4248088,1
1399,296,cc0fbd76e442,2023-04-23,c2954425,3
1400,308,cc0fbd76e442,2023-04-27,b8368563,3
1401,322,cc0fbd76e442,2023-05-04,z2536862,2
1402,322,cc0fbd76e442,2023-05-04,z2536862,2
1403,340,cc0fbd76e442,2023-05-12,c8343296,1
1404,351,cc0fbd76e442,2023-05-15,z8938927,2
1405,351,cc0fbd76e442,2023-05-15,b9175704,2
1406,351,cc0fbd76e442,2023-05-15,z4628406,2
1407,400,cc0fbd76e442,2023-06-04,c7290449,4
1408,400,cc0fbd76e442,2023-06-04,b7097833,4
1409,400,cc0fbd76e442,2023-06-04,c7290449,4
1410,439,cc0fbd76e442,2023-06-19,r7843094,1
1411,439,cc0fbd76e442,2023-06-19,c4305096,1
1412,466,cc0fbd76e442,2023-07-01,r5995726,1
1413,508,cc0fbd76e442,2023-07-17,r6291705,2
1414,508,cc0fbd76e442,2023-07-17,z7690041,3
1415,508,cc0fbd76e442,2023-07-17,z4661475,2
1416,582,cc0fbd76e442,2023-08-12,z4661475,3
1417,589,cc0fbd76e442,2023-08-13,c4248088,2
1418,628,cc0fbd76e442,2023-08-30,r7843094,3
1419,628,cc0fbd76e442,2023-08-30,z4108201,1
1420,646,cc0fbd76e442,2023-09-05,b2821864,2
1421,650,cc0fbd76e442,2023-09-07,r6291705,2
1422,650,cc0fbd76e442,2023-09-07,z7690041,2
1423,650,cc0fbd76e442,2023-09-07,z4108201,4
1424,679,cc0fbd76e442,2023-09-19,c4305096,1
1425,679,cc0fbd76e442,2023-09-19,r6291705,3
1426,685,cc0fbd76e442,2023-09-20,z8938927,1
1427,685,cc0fbd76e442,2023-09-20,b7097833,3
1428,685,cc0fbd76e442,2023-09-20,z2536862,2
1429,711,cc0fbd76e442,2023-10-03,c4248088,1
1430,711,cc0fbd76e442,2023-10-03,r5995726,2
1431,711,cc0fbd76e442,2023-10-03,z4108201,4
1432,792,cc0fbd76e442,2023-10-28,r4723487,1
1433,840,cc0fbd76e442,2023-11-08,z4108201,1
1434,840,cc0fbd76e442,2023-11-08,c8343296,3
1435,846,cc0fbd76e442,2023-11-10,z4108201,1
1436,867,cc0fbd76e442,2023-11-18,r4723487,3
1437,873,cc0fbd76e442,2023-11-19,z7997568,2
1438,873,cc0fbd76e442,2023-11-19,z2536862,4
1439,921,cc0fbd76e442,2023-12-04,z8938927,3
1440,921,cc0fbd76e442,2023-12-04,c4248088,1
1441,18,ceab64951a30,2023-01-08,c8343296,3
1442,18,ceab64951a30,2023-01-08,c4248088,3
1443,18,ceab64951a30,2023-01-08,z7690041,2
1444,23,ceab64951a30,2023-01-09,z8938927,4
1445,23,ceab64951a30,2023-01-09,c4248088,3
1446,23,ceab64951a30,2023-01-09,z4108201,1
1447,35,ceab64951a30,2023-01-15,z4628406,2
1448,53,ceab64951a30,2023-01-22,z7997568,1
1449,53,ceab64951a30,2023-01-22,r4723487,4
1450,53,ceab64951a30,2023-01-22,c4248088,1
1451,61,ceab64951a30,2023-01-24,z8938927,2
1452,61,ceab64951a30,2023-01-24,z4661475,3
1453,78,ceab64951a30,2023-01-30,r6291705,1
1454,82,ceab64951a30,2023-01-31,c7290449,3
1455,86,ceab64951a30,2023-02-01,z4108201,1
1456,90,ceab64951a30,2023-02-02,b8368563,1
1457,94,ceab64951a30,2023-02-04,r7843094,4
1458,94,ceab64951a30,2023-02-04,z7690041,4
1459,94,ceab64951a30,2023-02-04,z4108201,4
1460,122,ceab64951a30,2023-02-13,r5995726,4
1461,122,ceab64951a30,2023-02-13,r7843094,4
1462,122,ceab64951a30,2023-02-13,c4248088,4
1463,131,ceab64951a30,2023-02-17,b9175704,1
1464,131,ceab64951a30,2023-02-17,z4108201,3
1465,146,ceab64951a30,2023-02-22,r6291705,2
1466,158,ceab64951a30,2023-02-26,r4723487,3
1467,189,ceab64951a30,2023-03-08,c4248088,2
1468,192,ceab64951a30,2023-03-09,z7997568,3
1469,192,ceab64951a30,2023-03-09,c4248088,1
1470,192,ceab64951a30,2023-03-09,z7997568,2
1471,209,ceab64951a30,2023-03-14,z7997568,3
1472,216,ceab64951a30,2023-03-18,c8343296,3
1473,216,ceab64951a30,2023-03-18,c7290449,3
1474,216,ceab64951a30,2023-03-18,c8343296,4
1475,232,ceab64951a30,2023-03-26,b9175704,1
1476,233,ceab64951a30,2023-03-27,z7997568,2
1477,233,ceab64951a30,2023-03-27,z4108201,2
1478,280,ceab64951a30,2023-04-16,z4108201,3
1479,294,ceab64951a30,2023-04-21,z7690041,1
1480,294,ceab64951a30,2023-04-21,c8343296,3
1481,294,ceab64951a30,2023-04-21,r7843094,2
1482,297,ceab64951a30,2023-04-23,z7690041,3
1483,297,ceab64951a30,2023-04-23,b7097833,3
1484,329,ceab64951a30,2023-05-06,r4723487,1
1485,357,ceab64951a30,2023-05-17,b8368563,2
1486,364,ceab64951a30,2023-05-20,c8343296,2
1487,364,ceab64951a30,2023-05-20,b7097833,1
1488,368,ceab64951a30,2023-05-21,b9175704,2
1489,368,ceab64951a30,2023-05-21,c4248088,1
1490,401,ceab64951a30,2023-06-04,z4628406,2
1491,401,ceab64951a30,2023-06-04,z7997568,1
1492,406,ceab64951a30,2023-06-06,r5995726,1
1493,444,ceab64951a30,2023-06-20,z8938927,2
1494,444,ceab64951a30,2023-06-20,b7097833,1
1495,459,ceab64951a30,2023-06-28,r6291705,1
1496,459,ceab64951a30,2023-06-28,z4108201,2
1497,459,ceab64951a30,2023-06-28,c2954425,1
1498,554,ceab64951a30,2023-07-31,r4723487,3
1499,571,ceab64951a30,2023-08-07,z4661475,2
1500,571,ceab64951a30,2023-08-07,b8368563,4
1501,571,ceab64951a30,2023-08-07,c8343296,2
1502,578,ceab64951a30,2023-08-10,c4305096,2
1503,578,ceab64951a30,2023-08-10,z4628406,4
1504,578,ceab64951a30,2023-08-10,b9175704,1
1505,617,ceab64951a30,2023-08-24,z4108201,3
1506,617,ceab64951a30,2023-08-24,z4108201,3
1507,617,ceab64951a30,2023-08-24,b7097833,3
1508,642,ceab64951a30,2023-09-04,z4628406,4
1509,642,ceab64951a30,2023-09-04,r7843094,3
1510,651,ceab64951a30,2023-09-07,b7097833,3
1511,651,ceab64951a30,2023-09-07,b8368563,1
1512,651,ceab64951a30,2023-09-07,z2536862,2
1513,676,ceab64951a30,2023-09-18,z4661475,1
1514,676,ceab64951a30,2023-09-18,b2821864,2
1515,676,ceab64951a30,2023-09-18,c2954425,1
1516,686,ceab64951a30,2023-09-20,r6291705,2
1517,686,ceab64951a30,2023-09-20,c2954425,1
1518,767,ceab64951a30,2023-10-22,z7997568,4
1519,807,ceab64951a30,2023-10-31,z4661475,1
1520,807,ceab64951a30,2023-10-31,z4108201,2
1521,807,ceab64951a30,2023-10-31,z7997568,4
1522,819,ceab64951a30,2023-11-04,z2536862,2
1523,819,ceab64951a30,2023-11-04,z7690041,3
1524,819,ceab64951a30,2023-11-04,r7843094,4
1525,832,ceab64951a30,2023-11-07,z4108201,2
1526,832,ceab64951a30,2023-11-07,z7997568,1
1527,832,ceab64951a30,2023-11-07,b8368563,1
1528,843,ceab64951a30,2023-11-09,z8938927,3
1529,843,ceab64951a30,2023-11-09,c4248088,1
1530,847,ceab64951a30,2023-11-10,c2954425,4
1531,847,ceab64951a30,2023-11-10,z2536862,3
1532,847,ceab64951a30,2023-11-10,c2954425,3
1533,851,ceab64951a30,2023-11-12,r7843094,4
1534,866,ceab64951a30,2023-11-17,c4305096,1
1535,866,ceab64951a30,2023-11-17,z4661475,1
1536,866,ceab64951a30,2023-11-17,z4108201,4
1537,876,ceab64951a30,2023-11-20,r4723487,3
1538,876,ceab64951a30,2023-11-20,r5995726,1
1539,902,ceab64951a30,2023-11-28,c8343296,1
1540,906,ceab64951a30,2023-11-29,c8343296,2
1541,906,ceab64951a30,2023-11-29,z7690041,3
1542,908,ceab64951a30,2023-11-30,z4661475,1
1543,930,ceab64951a30,2023-12-07,z7690041,3
1544,930,ceab64951a30,2023-12-07,b9175704,3
1545,938,ceab64951a30,2023-12-10,b9175704,2
1546,938,ceab64951a30,2023-12-10,z4628406,2
1547,949,ceab64951a30,2023-12-12,b2821864,3
1548,969,ceab64951a30,2023-12-20,b2821864,1
1549,969,ceab64951a30,2023-12-20,b8368563,3
1550,973,ceab64951a30,2023-12-23,z4628406,2
1551,996,ceab64951a30,2024-01-01,c7290449,3
1552,996,ceab64951a30,2024-01-01,b2821864,4
1553,996,ceab64951a30,2024-01-01,z4108201,2
1554,999,ceab64951a30,2024-01-02,z8938927,4
1555,999,ceab64951a30,2024-01-02,c4305096,2
1556,2,d308ddc557e7,2023-01-02,r5995726,2
1557,19,d308ddc557e7,2023-01-08,r6291705,4
1558,19,d308ddc557e7,2023-01-08,b7097833,3
1559,19,d308ddc557e7,2023-01-08,z4628406,3
1560,25,d308ddc557e7,2023-01-10,z7690041,2
1561,25,d308ddc557e7,2023-01-10,b9175704,3
1562,56,d308ddc557e7,2023-01-23,z7690041,4
1563,72,d308ddc557e7,2023-01-28,r4723487,2
1564,91,d308ddc557e7,2023-02-02,c2954425,4
1565,91,d308ddc557e7,2023-02-02,z2536862,3
1566,91,d308ddc557e7,2023-02-02,z2536862,2
1567,105,d308ddc557e7,2023-02-09,r6291705,2
1568,152,d308ddc557e7,2023-02-25,b9175704,4
1569,152,d308ddc557e7,2023-02-25,c8343296,4
1570,152,d308ddc557e7,2023-02-25,z2536862,1
1571,167,d308ddc557e7,2023-03-02,b2821864,1
1572,167,d308ddc557e7,2023-03-02,c4248088,2
1573,167,d308ddc557e7,2023-03-02,b2821864,2
1574,199,d308ddc557e7,2023-03-11,z4108201,4
1575,199,d308ddc557e7,2023-03-11,c2954425,3
1576,199,d308ddc557e7,2023-03-11,r7843094,3
1577,210,d308ddc557e7,2023-03-14,z7690041,3
1578,210,d308ddc557e7,2023-03-14,c7290449,2
1579,234,d308ddc557e7,2023-03-27,c2954425,1
1580,234,d308ddc557e7,2023-03-27,z4108201,2
1581,263,d308ddc557e7,2023-04-08,b9175704,4
1582,263,d308ddc557e7,2023-04-08,r5995726,1
1583,263,d308ddc557e7,2023-04-08,z4661475,3
1584,265,d308ddc557e7,2023-04-09,z7997568,4
1585,309,d308ddc557e7,2023-04-28,c4248088,1
1586,309,d308ddc557e7,2023-04-28,b2821864,3
1587,309,d308ddc557e7,2023-04-28,z7690041,1
1588,323,d308ddc557e7,2023-05-04,c8343296,2
1589,323,d308ddc557e7,2023-05-04,b7097833,2
1590,325,d308ddc557e7,2023-05-05,z2536862,2
1591,325,d308ddc557e7,2023-05-05,z2536862,3
1592,325,d308ddc557e7,2023-05-05,z7690041,1
1593,360,d308ddc557e7,2023-05-18,z7690041,3
1594,360,d308ddc557e7,2023-05-18,z2536862,1
1595,362,d308ddc557e7,2023-05-19,c7290449,4
1596,362,d308ddc557e7,2023-05-19,b8368563,3
1597,391,d308ddc557e7,2023-05-30,b2821864,4
1598,393,d308ddc557e7,2023-05-31,z7997568,4
1599,402,d308ddc557e7,2023-06-04,r7843094,2
1600,402,d308ddc557e7,2023-06-04,z7997568,3
1601,403,d308ddc557e7,2023-06-05,z4628406,1
1602,403,d308ddc557e7,2023-06-05,c4248088,1
1603,403,d308ddc557e7,2023-06-05,r4723487,2
1604,407,d308ddc557e7,2023-06-06,c4248088,4
1605,425,d308ddc557e7,2023-06-12,b9175704,4
1606,425,d308ddc557e7,2023-06-12,z4108201,4
1607,425,d308ddc557e7,2023-06-12,z2536862,3
1608,467,d308ddc557e7,2023-07-01,r5995726,2
1609,467,d308ddc557e7,2023-07-01,c7290449,1
1610,467,d308ddc557e7,2023-07-01,b8368563,4
1611,487,d308ddc557e7,2023-07-08,z8938927,1
1612,487,d308ddc557e7,2023-07-08,r7843094,1
1613,515,d308ddc557e7,2023-07-18,r7843094,3
1614,515,d308ddc557e7,2023-07-18,r6291705,3
1615,515,d308ddc557e7,2023-07-18,z8938927,4
1616,529,d308ddc557e7,2023-07-23,r4723487,1
1617,529,d308ddc557e7,2023-07-23,b8368563,4
1618,536,d308ddc557e7,2023-07-25,c8343296,4
1619,536,d308ddc557e7,2023-07-25,r7843094,1
1620,558,d308ddc557e7,2023-08-02,z8938927,4
1621,558,d308ddc557e7,2023-08-02,c7290449,3
1622,558,d308ddc557e7,2023-08-02,b2821864,3
1623,572,d308ddc557e7,2023-08-08,c4305096,4
1624,583,d308ddc557e7,2023-08-12,b7097833,4
1625,583,d308ddc557e7,2023-08-12,b8368563,1
1626,600,d308ddc557e7,2023-08-17,z4108201,3
1627,600,d308ddc557e7,2023-08-17,z2536862,3
1628,613,d308ddc557e7,2023-08-23,c8343296,4
1629,613,d308ddc557e7,2023-08-23,z7690041,3
1630,613,d308ddc557e7,2023-08-23,b2821864,4
1631,620,d308ddc557e7,2023-08-26,z7690041,2
1632,620,d308ddc557e7,2023-08-26,z7997568,1
1633,620,d308ddc557e7,2023-08-26,z7997568,1
1634,632,d308ddc557e7,2023-08-31,z7690041,4
1635,632,d308ddc557e7,2023-08-31,c2954425,3
1636,659,d308ddc557e7,2023-09-12,c4305096,4
1637,659,d308ddc557e7,2023-09-12,z4628406,4
1638,659,d308ddc557e7,2023-09-12,r5995726,3
1639,687,d308ddc557e7,2023-09-20,r4723487,4
1640,687,d308ddc557e7,2023-09-20,r4723487,2
1641,694,d308ddc557e7,2023-09-22,z7997568,4
1642,696,d308ddc557e7,2023-09-23,b2821864,4
1643,696,d308ddc557e7,2023-09-23,z4108201,3
1644,702,d308ddc557e7,2023-09-28,c4248088,2
1645,717,d308ddc557e7,2023-10-04,b8368563,2
1646,723,d308ddc557e7,2023-10-06,z2536862,1
1647,723,d308ddc557e7,2023-10-06,z4628406,4
1648,723,d308ddc557e7,2023-10-06,c4248088,2
1649,727,d308ddc557e7,2023-10-08,b2821864,2
1650,727,d308ddc557e7,2023-10-08,r6291705,1
1651,727,d308ddc557e7,2023-10-08,z2536862,4
1652,739,d308ddc557e7,2023-10-12,b9175704,3
1653,739,d308ddc557e7,2023-10-12,c7290449,4
1654,752,d308ddc557e7,2023-10-18,r6291705,1
1655,761,d308ddc557e7,2023-10-20,b8368563,3
1656,761,d308ddc557e7,2023-10-20,z4108201,3
1657,768,d308ddc557e7,2023-10-22,b9175704,3
1658,768,d308ddc557e7,2023-10-22,z2536862,3
1659,768,d308ddc557e7,2023-10-22,c2954425,1
1660,775,d308ddc557e7,2023-10-24,z4661475,1
1661,775,d308ddc557e7,2023-10-24,z4628406,4
1662,775,d308ddc557e7,2023-10-24,b9175704,2
1663,793,d308ddc557e7,2023-10-28,z8938927,3
1664,793,d308ddc557e7,2023-10-28,c4305096,1
1665,793,d308ddc557e7,2023-10-28,b8368563,1
1666,802,d308ddc557e7,2023-10-30,c7290449,3
1667,802,d308ddc557e7,2023-10-30,z4628406,4
1668,802,d308ddc557e7,2023-10-30,z4108201,4
1669,820,d308ddc557e7,2023-11-04,c8343296,4
1670,833,d308ddc557e7,2023-11-07,z4108201,3
1671,833,d308ddc557e7,2023-11-07,z8938927,2
1672,833,d308ddc557e7,2023-11-07,r4723487,1
1673,882,d308ddc557e7,2023-11-22,r4723487,4
1674,882,d308ddc557e7,2023-11-22,b8368563,1
1675,898,d308ddc557e7,2023-11-27,z4108201,1
1676,898,d308ddc557e7,2023-11-27,r5995726,4
1677,915,d308ddc557e7,2023-12-02,b2821864,3
1678,931,d308ddc557e7,2023-12-07,b7097833,2
1679,931,d308ddc557e7,2023-12-07,r6291705,1
1680,931,d308ddc557e7,2023-12-07,z7997568,3
1681,934,d308ddc557e7,2023-12-09,b9175704,2
1682,934,d308ddc557e7,2023-12-09,r7843094,4
1683,939,d308ddc557e7,2023-12-10,z8938927,2
1684,939,d308ddc557e7,2023-12-10,z4628406,3
1685,959,d308ddc557e7,2023-12-16,z4108201,2
1686,959,d308ddc557e7,2023-12-16,z7690041,2
1687,1000,d308ddc557e7,2024-01-02,c8343296,4
1688,1000,d308ddc557e7,2024-01-02,c4305096,2
1689,1000,d308ddc557e7,2024-01-02,c8343296,4
1690,7,df27cf751748,2023-01-03,z4108201,4
1691,7,df27cf751748,2023-01-03,r7843094,4
1692,7,df27cf751748,2023-01-03,b8368563,3
1693,15,df27cf751748,2023-01-07,z2536862,3
1694,15,df27cf751748,2023-01-07,b9175704,2
1695,36,df27cf751748,2023-01-15,c2954425,1
1696,36,df27cf751748,2023-01-15,z2536862,2
1697,125,df27cf751748,2023-02-14,z4628406,1
1698,125,df27cf751748,2023-02-14,b9175704,4
1699,153,df27cf751748,2023-02-25,r7843094,1
1700,153,df27cf751748,2023-02-25,c4305096,1
1701,176,df27cf751748,2023-03-04,c4305096,4
1702,176,df27cf751748,2023-03-04,z8938927,1
1703,176,df27cf751748,2023-03-04,z8938927,3
1704,195,df27cf751748,2023-03-10,z4108201,1
1705,205,df27cf751748,2023-03-13,b9175704,2
1706,235,df27cf751748,2023-03-27,c7290449,3
1707,235,df27cf751748,2023-03-27,c7290449,2
1708,254,df27cf751748,2023-04-04,z4661475,1
1709,254,df27cf751748,2023-04-04,c4248088,2
1710,254,df27cf751748,2023-04-04,z4108201,1
1711,258,df27cf751748,2023-04-06,z2536862,4
1712,266,df27cf751748,2023-04-09,r5995726,4
1713,273,df27cf751748,2023-04-12,b8368563,3
1714,273,df27cf751748,2023-04-12,b9175704,1
1715,273,df27cf751748,2023-04-12,b7097833,3
1716,291,df27cf751748,2023-04-20,c2954425,1
1717,310,df27cf751748,2023-04-28,c4305096,3
1718,346,df27cf751748,2023-05-14,b9175704,2
1719,355,df27cf751748,2023-05-16,b8368563,2
1720,355,df27cf751748,2023-05-16,b7097833,3
1721,355,df27cf751748,2023-05-16,r4723487,4
1722,369,df27cf751748,2023-05-22,b9175704,2
1723,382,df27cf751748,2023-05-26,c2954425,3
1724,382,df27cf751748,2023-05-26,z4628406,4
1725,382,df27cf751748,2023-05-26,b2821864,1
1726,396,df27cf751748,2023-06-01,r4723487,2
1727,447,df27cf751748,2023-06-21,z4628406,2
1728,475,df27cf751748,2023-07-03,c4305096,4
1729,494,df27cf751748,2023-07-11,z4108201,3
1730,494,df27cf751748,2023-07-11,r4723487,3
1731,544,df27cf751748,2023-07-27,r5995726,4
1732,544,df27cf751748,2023-07-27,b9175704,3
1733,557,df27cf751748,2023-08-01,c4248088,2
1734,557,df27cf751748,2023-08-01,r6291705,4
1735,557,df27cf751748,2023-08-01,z4628406,4
1736,562,df27cf751748,2023-08-04,z7997568,4
1737,575,df27cf751748,2023-08-09,r6291705,3
1738,575,df27cf751748,2023-08-09,b2821864,4
1739,614,df27cf751748,2023-08-23,c2954425,4
1740,614,df27cf751748,2023-08-23,r5995726,3
1741,623,df27cf751748,2023-08-27,r6291705,4
1742,623,df27cf751748,2023-08-27,z8938927,1
1743,623,df27cf751748,2023-08-27,c4248088,1
1744,663,df27cf751748,2023-09-13,z8938927,2
1745,663,df27cf751748,2023-09-13,b7097833,1
1746,680,df27cf751748,2023-09-19,z4108201,1
1747,680,df27cf751748,2023-09-19,z2536862,1
1748,680,df27cf751748,2023-09-19,r7843094,3
1749,698,df27cf751748,2023-09-25,b7097833,2
1750,763,df27cf751748,2023-10-21,r7843094,3
1751,763,df27cf751748,2023-10-21,z4661475,3
1752,769,df27cf751748,2023-10-22,r4723487,4
1753,776,df27cf751748,2023-10-24,z7690041,2
1754,786,df27cf751748,2023-10-26,z4661475,2
1755,786,df27cf751748,2023-10-26,b2821864,2
1756,786,df27cf751748,2023-10-26,z7690041,4
1757,794,df27cf751748,2023-10-28,z2536862,2
1758,794,df27cf751748,2023-10-28,r5995726,3
1759,794,df27cf751748,2023-10-28,r6291705,4
1760,834,df27cf751748,2023-11-07,r6291705,1
1761,859,df27cf751748,2023-11-15,c2954425,3
1762,859,df27cf751748,2023-11-15,b8368563,2
1763,868,df27cf751748,2023-11-18,b8368563,1
1764,868,df27cf751748,2023-11-18,c4248088,1
1765,874,df27cf751748,2023-11-19,b2821864,1
1766,874,df27cf751748,2023-11-19,c7290449,1
1767,892,df27cf751748,2023-11-25,b2821864,4
1768,896,df27cf751748,2023-11-26,z4108201,3
1769,935,df27cf751748,2023-12-09,c7290449,4
1770,945,df27cf751748,2023-12-11,b9175704,3
1771,952,df27cf751748,2023-12-13,z2536862,1
1772,952,df27cf751748,2023-12-13,z8938927,1
1773,30,f6e2d4fb073b,2023-01-12,r7843094,4
1774,54,f6e2d4fb073b,2023-01-22,r6291705,1
1775,54,f6e2d4fb073b,2023-01-22,z4628406,3
1776,54,f6e2d4fb073b,2023-01-22,b9175704,3
1777,87,f6e2d4fb073b,2023-02-01,z4661475,1
1778,104,f6e2d4fb073b,2023-02-08,z2536862,4
1779,109,f6e2d4fb073b,2023-02-10,z8938927,3
1780,109,f6e2d4fb073b,2023-02-10,z2536862,1
1781,109,f6e2d4fb073b,2023-02-10,b8368563,3
1782,123,f6e2d4fb073b,2023-02-13,z4108201,4
1783,123,f6e2d4fb073b,2023-02-13,c8343296,2
1784,123,f6e2d4fb073b,2023-02-13,c4248088,3
1785,142,f6e2d4fb073b,2023-02-21,z4628406,2
1786,172,f6e2d4fb073b,2023-03-03,b9175704,3
1787,179,f6e2d4fb073b,2023-03-06,r5995726,3
1788,179,f6e2d4fb073b,2023-03-06,z4108201,2
1789,229,f6e2d4fb073b,2023-03-23,b2821864,4
1790,229,f6e2d4fb073b,2023-03-23,z2536862,1
1791,229,f6e2d4fb073b,2023-03-23,c2954425,1
1792,246,f6e2d4fb073b,2023-04-01,z7997568,2
1793,246,f6e2d4fb073b,2023-04-01,r7843094,3
1794,255,f6e2d4fb073b,2023-04-04,b2821864,1
1795,255,f6e2d4fb073b,2023-04-04,r7843094,1
1796,255,f6e2d4fb073b,2023-04-04,c2954425,1
1797,281,f6e2d4fb073b,2023-04-16,c4248088,2
1798,281,f6e2d4fb073b,2023-04-16,z4661475,3
1799,300,f6e2d4fb073b,2023-04-24,c4248088,4
1800,300,f6e2d4fb073b,2023-04-24,z7690041,2
1801,311,f6e2d4fb073b,2023-04-28,c7290449,2
1802,311,f6e2d4fb073b,2023-04-28,c2954425,1
1803,317,f6e2d4fb073b,2023-05-01,r7843094,3
1804,317,f6e2d4fb073b,2023-05-01,r7843094,2
1805,335,f6e2d4fb073b,2023-05-09,r7843094,1
1806,358,f6e2d4fb073b,2023-05-17,z7997568,1
1807,373,f6e2d4fb073b,2023-05-23,r6291705,1
1808,381,f6e2d4fb073b,2023-05-25,z7997568,2
1809,381,f6e2d4fb073b,2023-05-25,b9175704,3
1810,381,f6e2d4fb073b,2023-05-25,b2821864,1
1811,410,f6e2d4fb073b,2023-06-07,b9175704,4
1812,410,f6e2d4fb073b,2023-06-07,b8368563,1
1813,410,f6e2d4fb073b,2023-06-07,z4108201,2
1814,426,f6e2d4fb073b,2023-06-12,b2821864,3
1815,434,f6e2d4fb073b,2023-06-17,z4628406,2
1816,434,f6e2d4fb073b,2023-06-17,b8368563,1
1817,440,f6e2d4fb073b,2023-06-19,r4723487,1
1818,440,f6e2d4fb073b,2023-06-19,b9175704,1
1819,450,f6e2d4fb073b,2023-06-23,z8938927,3
1820,450,f6e2d4fb073b,2023-06-23,z8938927,3
1821,450,f6e2d4fb073b,2023-06-23,r6291705,4
1822,456,f6e2d4fb073b,2023-06-27,z4661475,2
1823,463,f6e2d4fb073b,2023-06-30,r4723487,3
1824,500,f6e2d4fb073b,2023-07-13,c4248088,3
1825,509,f6e2d4fb073b,2023-07-17,z7997568,3
1826,546,f6e2d4fb073b,2023-07-28,r6291705,1
1827,546,f6e2d4fb073b,2023-07-28,b8368563,4
1828,595,f6e2d4fb073b,2023-08-15,z7690041,4
1829,595,f6e2d4fb073b,2023-08-15,c7290449,3
1830,595,f6e2d4fb073b,2023-08-15,r5995726,3
1831,619,f6e2d4fb073b,2023-08-25,r4723487,4
1832,619,f6e2d4fb073b,2023-08-25,r6291705,3
1833,619,f6e2d4fb073b,2023-08-25,r6291705,2
1834,634,f6e2d4fb073b,2023-09-01,z4628406,2
1835,666,f6e2d4fb073b,2023-09-14,b9175704,4
1836,666,f6e2d4fb073b,2023-09-14,c7290449,1
1837,677,f6e2d4fb073b,2023-09-18,z4628406,3
1838,677,f6e2d4fb073b,2023-09-18,c2954425,1
1839,677,f6e2d4fb073b,2023-09-18,b7097833,1
1840,695,f6e2d4fb073b,2023-09-22,b2821864,3
1841,695,f6e2d4fb073b,2023-09-22,c2954425,1
1842,695,f6e2d4fb073b,2023-09-22,r5995726,4
1843,708,f6e2d4fb073b,2023-10-01,c4305096,4
1844,708,f6e2d4fb073b,2023-10-01,z7997568,4
1845,708,f6e2d4fb073b,2023-10-01,c4305096,2
1846,812,f6e2d4fb073b,2023-11-02,b7097833,2
1847,812,f6e2d4fb073b,2023-11-02,c2954425,2
1848,812,f6e2d4fb073b,2023-11-02,z4661475,1
1849,821,f6e2d4fb073b,2023-11-04,r4723487,2
1850,821,f6e2d4fb073b,2023-11-04,r7843094,3
1851,821,f6e2d4fb073b,2023-11-04,r4723487,2
1852,835,f6e2d4fb073b,2023-11-07,c4248088,4
1853,835,f6e2d4fb073b,2023-11-07,z4661475,2
1854,835,f6e2d4fb073b,2023-11-07,c4305096,4
1855,841,f6e2d4fb073b,2023-11-08,c7290449,4
1856,841,f6e2d4fb073b,2023-11-08,r5995726,4
1857,849,f6e2d4fb073b,2023-11-11,b9175704,2
1858,849,f6e2d4fb073b,2023-11-11,z7690041,1
1859,849,f6e2d4fb073b,2023-11-11,c4248088,1
1860,852,f6e2d4fb073b,2023-11-12,c4305096,2
1861,918,f6e2d4fb073b,2023-12-03,b7097833,2
1862,955,f6e2d4fb073b,2023-12-14,c2954425,2
1863,955,f6e2d4fb073b,2023-12-14,z8938927,4
1864,974,f6e2d4fb073b,2023-12-23,c4248088,3
1865,974,f6e2d4fb073b,2023-12-23,b9175704,3
1866,974,f6e2d4fb073b,2023-12-23,z7997568,3
1867,3,f76cb816b3f7,2023-01-02,b7097833,4
1868,3,f76cb816b3f7,2023-01-02,r6291705,1
1869,24,f76cb816b3f7,2023-01-09,z7997568,2
1870,24,f76cb816b3f7,2023-01-09,z2536862,3
1871,24,f76cb816b3f7,2023-01-09,b2821864,1
1872,28,f76cb816b3f7,2023-01-11,z7997568,3
1873,28,f76cb816b3f7,2023-01-11,c8343296,4
1874,57,f76cb816b3f7,2023-01-23,c2954425,3
1875,57,f76cb816b3f7,2023-01-23,c4248088,2
1876,75,f76cb816b3f7,2023-01-29,z7997568,4
1877,79,f76cb816b3f7,2023-01-30,c4305096,3
1878,79,f76cb816b3f7,2023-01-30,b7097833,4
1879,79,f76cb816b3f7,2023-01-30,z7997568,4
1880,92,f76cb816b3f7,2023-02-03,z4108201,4
1881,92,f76cb816b3f7,2023-02-03,c8343296,2
1882,102,f76cb816b3f7,2023-02-07,b7097833,3
1883,102,f76cb816b3f7,2023-02-07,c7290449,1
1884,102,f76cb816b3f7,2023-02-07,b7097833,4
1885,106,f76cb816b3f7,2023-02-09,z8938927,2
1886,106,f76cb816b3f7,2023-02-09,c7290449,1
1887,106,f76cb816b3f7,2023-02-09,b7097833,3
1888,112,f76cb816b3f7,2023-02-11,c4248088,2
1889,112,f76cb816b3f7,2023-02-11,z4628406,4
1890,126,f76cb816b3f7,2023-02-15,z8938927,1
1891,126,f76cb816b3f7,2023-02-15,r6291705,1
1892,127,f76cb816b3f7,2023-02-16,b8368563,4
1893,127,f76cb816b3f7,2023-02-16,b2821864,1
1894,132,f76cb816b3f7,2023-02-17,c2954425,1
1895,132,f76cb816b3f7,2023-02-17,c4248088,3
1896,138,f76cb816b3f7,2023-02-19,z2536862,3
1897,138,f76cb816b3f7,2023-02-19,c4305096,1
1898,143,f76cb816b3f7,2023-02-21,z7690041,2
1899,143,f76cb816b3f7,2023-02-21,r4723487,4
1900,143,f76cb816b3f7,2023-02-21,r7843094,2
1901,148,f76cb816b3f7,2023-02-23,z4628406,2
1902,148,f76cb816b3f7,2023-02-23,b7097833,3
1903,148,f76cb816b3f7,2023-02-23,b9175704,3
1904,180,f76cb816b3f7,2023-03-06,z4108201,1
1905,196,f76cb816b3f7,2023-03-10,z4661475,1
1906,196,f76cb816b3f7,2023-03-10,b2821864,1
1907,196,f76cb816b3f7,2023-03-10,z8938927,1
1908,200,f76cb816b3f7,2023-03-11,z4108201,3
1909,200,f76cb816b3f7,2023-03-11,b7097833,2
1910,200,f76cb816b3f7,2023-03-11,z4661475,4
1911,217,f76cb816b3f7,2023-03-18,z4108201,3
1912,222,f76cb816b3f7,2023-03-20,r6291705,4
1913,241,f76cb816b3f7,2023-03-29,b2821864,1
1914,241,f76cb816b3f7,2023-03-29,r5995726,2
1915,244,f76cb816b3f7,2023-03-31,z7997568,4
1916,244,f76cb816b3f7,2023-03-31,r6291705,1
1917,244,f76cb816b3f7,2023-03-31,b7097833,1
1918,274,f76cb816b3f7,2023-04-12,c2954425,4
1919,295,f76cb816b3f7,2023-04-22,c8343296,3
1920,295,f76cb816b3f7,2023-04-22,b8368563,2
1921,295,f76cb816b3f7,2023-04-22,c8343296,3
1922,303,f76cb816b3f7,2023-04-26,b2821864,2
1923,347,f76cb816b3f7,2023-05-14,r7843094,4
1924,347,f76cb816b3f7,2023-05-14,b8368563,2
1925,359,f76cb816b3f7,2023-05-17,b2821864,3
1926,359,f76cb816b3f7,2023-05-17,b9175704,1
1927,359,f76cb816b3f7,2023-05-17,b9175704,2
1928,397,f76cb816b3f7,2023-06-01,z4108201,2
1929,427,f76cb816b3f7,2023-06-12,b7097833,2
1930,427,f76cb816b3f7,2023-06-12,r5995726,1
1931,427,f76cb816b3f7,2023-06-12,r6291705,2
1932,430,f76cb816b3f7,2023-06-13,r5995726,3
1933,430,f76cb816b3f7,2023-06-13,z4628406,3
1934,435,f76cb816b3f7,2023-06-17,z2536862,4
1935,435,f76cb816b3f7,2023-06-17,b2821864,1
1936,454,f76cb816b3f7,2023-06-26,z7690041,3
1937,468,f76cb816b3f7,2023-07-01,z7690041,3
1938,468,f76cb816b3f7,2023-07-01,z2536862,4
1939,476,f76cb816b3f7,2023-07-03,c8343296,4
1940,476,f76cb816b3f7,2023-07-03,r5995726,3
1941,495,f76cb816b3f7,2023-07-11,c8343296,1
1942,499,f76cb816b3f7,2023-07-12,c7290449,1
1943,541,f76cb816b3f7,2023-07-26,b2821864,4
1944,559,f76cb816b3f7,2023-08-02,z7997568,1
1945,559,f76cb816b3f7,2023-08-02,z2536862,4
1946,568,f76cb816b3f7,2023-08-06,c7290449,2
1947,584,f76cb816b3f7,2023-08-12,z7997568,4
1948,584,f76cb816b3f7,2023-08-12,z2536862,2
1949,584,f76cb816b3f7,2023-08-12,z4108201,4
1950,606,f76cb816b3f7,2023-08-19,c8343296,3
1951,615,f76cb816b3f7,2023-08-23,c7290449,1
1952,615,f76cb816b3f7,2023-08-23,r4723487,1
1953,615,f76cb816b3f7,2023-08-23,z4661475,1
1954,621,f76cb816b3f7,2023-08-26,z4661475,4
1955,621,f76cb816b3f7,2023-08-26,z7997568,4
1956,633,f76cb816b3f7,2023-08-31,b2821864,3
1957,633,f76cb816b3f7,2023-08-31,c7290449,3
1958,633,f76cb816b3f7,2023-08-31,r5995726,1
1959,712,f76cb816b3f7,2023-10-03,c7290449,3
1960,712,f76cb816b3f7,2023-10-03,b2821864,1
1961,721,f76cb816b3f7,2023-10-05,c7290449,2
1962,735,f76cb816b3f7,2023-10-11,b2821864,2
1963,740,f76cb816b3f7,2023-10-12,r7843094,4
1964,777,f76cb816b3f7,2023-10-24,r6291705,4
1965,788,f76cb816b3f7,2023-10-27,z4108201,1
1966,788,f76cb816b3f7,2023-10-27,r4723487,4
1967,803,f76cb816b3f7,2023-10-30,r5995726,2
1968,803,f76cb816b3f7,2023-10-30,z2536862,2
1969,803,f76cb816b3f7,2023-10-30,z4661475,1
1970,813,f76cb816b3f7,2023-11-02,z8938927,1
1971,844,f76cb816b3f7,2023-11-09,r6291705,4
1972,844,f76cb816b3f7,2023-11-09,z7997568,2
1973,844,f76cb816b3f7,2023-11-09,b8368563,1
1974,853,f76cb816b3f7,2023-11-12,b9175704,2
1975,857,f76cb816b3f7,2023-11-13,c4305096,1
1976,863,f76cb816b3f7,2023-11-16,c4305096,2
1977,863,f76cb816b3f7,2023-11-16,b9175704,2
1978,863,f76cb816b3f7,2023-11-16,b7097833,1
1979,909,f76cb816b3f7,2023-11-30,r7843094,3
1980,909,f76cb816b3f7,2023-11-30,b8368563,2
1981,925,f76cb816b3f7,2023-12-06,r4723487,4
1982,925,f76cb816b3f7,2023-12-06,b8368563,1
1983,925,f76cb816b3f7,2023-12-06,z8938927,2
1984,940,f76cb816b3f7,2023-12-10,r6291705,2
1985,940,f76cb816b3f7,2023-12-10,b2821864,3
1986,964,f76cb816b3f7,2023-12-18,c7290449,3
1987,964,f76cb816b3f7,2023-12-18,b7097833,2
1988,964,f76cb816b3f7,2023-12-18,z4661475,2
1989,975,f76cb816b3f7,2023-12-23,z4628406,4
1990,975,f76cb816b3f7,2023-12-23,b2821864,4
1991,980,f76cb816b3f7,2023-12-26,z2536862,1
1992,980,f76cb816b3f7,2023-12-26,z4628406,2
