,customer_id,order_id,prev_cooked_count,prev_breakfast_count,prev_reduced_count,this_order_cooked_count,this_order_breakfast_count,this_order_reduced_count
0,13b3f39cb746,7,0,0,0,0,0,2
1,13b3f39cb746,7,0,0,2,2,0,0
2,13b3f39cb746,10,2,0,2,1,0,0
3,13b3f39cb746,70,3,0,2,1,0,0
4,13b3f39cb746,86,4,0,2,0,0,0
5,13b3f39cb746,86,4,0,2,0,0,0
6,13b3f39cb746,86,4,0,2,0,0,2
7,13b3f39cb746,101,4,0,4,1,0,0
8,13b3f39cb746,101,5,0,4,0,0,3
9,13b3f39cb746,101,5,0,7,4,0,0
10,13b3f39cb746,123,9,0,7,4,0,0
11,13b3f39cb746,123,13,0,7,0,0,4
12,13b3f39cb746,123,13,0,11,1,0,0
13,13b3f39cb746,159,14,0,11,3,0,0
14,13b3f39cb746,159,17,0,11,1,0,0
15,13b3f39cb746,176,18,0,11,4,0,0
16,13b3f39cb746,176,22,0,11,4,0,0
17,13b3f39cb746,190,26,0,11,0,2,0
18,13b3f39cb746,201,26,2,11,1,0,0
19,13b3f39cb746,201,27,2,11,0,4,0
20,13b3f39cb746,221,27,6,11,0,1,0
21,13b3f39cb746,221,27,7,11,0,0,0
22,13b3f39cb746,221,27,7,11,2,0,0
23,13b3f39cb746,249,29,7,11,0,0,0
24,13b3f39cb746,270,29,7,11,0,0,0
25,13b3f39cb746,270,29,7,11,1,0,0
26,13b3f39cb746,303,30,7,11,4,0,0
27,13b3f39cb746,303,34,7,11,3,0,0
28,13b3f39cb746,303,37,7,11,3,0,0
29,13b3f39cb746,315,40,7,11,0,0,4
30,13b3f39cb746,315,40,7,15,2,0,0
31,13b3f39cb746,315,42,7,15,1,0,0
32,13b3f39cb746,350,43,7,15,0,3,0
33,13b3f39cb746,356,43,10,15,1,0,0
34,13b3f39cb746,379,44,10,15,4,0,0
35,13b3f39cb746,379,48,10,15,0,2,0
36,13b3f39cb746,384,48,12,15,0,0,1
37,13b3f39cb746,384,48,12,16,0,0,2
38,13b3f39cb746,387,48,12,18,0,0,0
39,13b3f39cb746,387,48,12,18,4,0,0
40,13b3f39cb746,387,52,12,18,0,0,0
41,13b3f39cb746,390,52,12,18,3,0,0
42,13b3f39cb746,390,55,12,18,0,2,0
43,13b3f39cb746,407,55,14,18,0,4,0
44,13b3f39cb746,407,55,18,18,0,0,3
45,13b3f39cb746,442,55,18,21,1,0,0
46,13b3f39cb746,442,56,18,21,0,0,1
47,13b3f39cb746,442,56,18,22,4,0,0
48,13b3f39cb746,465,60,18,22,0,0,0
49,13b3f39cb746,495,60,18,22,4,0,0
50,13b3f39cb746,495,64,18,22,1,0,0
51,13b3f39cb746,495,65,18,22,0,0,0
52,13b3f39cb746,507,65,18,22,0,0,0
53,13b3f39cb746,507,65,18,22,0,0,3
54,13b3f39cb746,516,65,18,25,0,0,0
55,13b3f39cb746,522,65,18,25,0,1,0
56,13b3f39cb746,522,65,19,25,0,2,0
57,13b3f39cb746,547,65,21,25,0,0,0
58,13b3f39cb746,556,65,21,25,0,0,0
59,13b3f39cb746,556,65,21,25,4,0,0
60,13b3f39cb746,563,69,21,25,0,0,3
61,13b3f39cb746,563,69,21,28,2,0,0
62,13b3f39cb746,563,71,21,28,0,0,0
63,13b3f39cb746,564,71,21,28,3,0,0
64,13b3f39cb746,564,74,21,28,1,0,0
65,13b3f39cb746,564,75,21,28,0,0,4
66,13b3f39cb746,610,75,21,32,0,0,2
67,13b3f39cb746,610,75,21,34,4,0,0
68,13b3f39cb746,610,79,21,34,3,0,0
69,13b3f39cb746,622,82,21,34,0,0,3
70,13b3f39cb746,622,82,21,37,0,0,0
71,13b3f39cb746,636,82,21,37,0,0,0
72,13b3f39cb746,636,82,21,37,0,0,3
73,13b3f39cb746,647,82,21,40,1,0,0
74,13b3f39cb746,683,83,21,40,0,0,4
75,13b3f39cb746,683,83,21,44,4,0,0
76,13b3f39cb746,683,87,21,44,0,0,0
77,13b3f39cb746,695,87,21,44,0,0,1
78,13b3f39cb746,697,87,21,45,0,0,3
79,13b3f39cb746,697,87,21,48,1,0,0
80,13b3f39cb746,716,88,21,48,0,0,0
81,13b3f39cb746,740,88,21,48,3,0,0
82,13b3f39cb746,740,91,21,48,1,0,0
83,13b3f39cb746,745,92,21,48,0,0,2
84,13b3f39cb746,745,92,21,50,3,0,0
85,13b3f39cb746,761,95,21,50,0,0,0
86,13b3f39cb746,794,95,21,50,0,4,0
87,13b3f39cb746,794,95,25,50,0,0,0
88,13b3f39cb746,794,95,25,50,1,0,0
89,13b3f39cb746,798,96,25,50,0,0,4
90,13b3f39cb746,807,96,25,54,1,0,0
91,13b3f39cb746,807,97,25,54,4,0,0
92,13b3f39cb746,807,101,25,54,4,0,0
93,13b3f39cb746,823,105,25,54,1,0,0
94,13b3f39cb746,831,106,25,54,0,0,4
95,13b3f39cb746,831,106,25,58,0,0,3
96,13b3f39cb746,854,106,25,61,4,0,0
97,13b3f39cb746,854,110,25,61,1,0,0
98,13b3f39cb746,854,111,25,61,0,0,4
99,13b3f39cb746,857,111,25,65,3,0,0
100,13b3f39cb746,878,114,25,65,2,0,0
101,13b3f39cb746,878,116,25,65,0,0,1
102,13b3f39cb746,878,116,25,66,0,0,0
103,13b3f39cb746,938,116,25,66,2,0,0
104,13b3f39cb746,938,118,25,66,0,0,1
105,13b3f39cb746,938,118,25,67,4,0,0
106,13b3f39cb746,941,122,25,67,0,0,4
107,13b3f39cb746,941,122,25,71,3,0,0
108,13b3f39cb746,964,125,25,71,0,3,0
109,13b3f39cb746,964,125,28,71,0,0,0
110,13b3f39cb746,964,125,28,71,2,0,0
111,13b3f39cb746,996,127,28,71,0,3,0
112,13b3f39cb746,996,127,31,71,0,1,0
113,13b3f39cb746,996,127,32,71,1,0,0
114,1bde41ce9b4f,18,0,0,0,0,4,0
115,1bde41ce9b4f,18,0,4,0,0,0,4
116,1bde41ce9b4f,18,0,4,4,3,0,0
117,1bde41ce9b4f,22,3,4,4,1,0,0
118,1bde41ce9b4f,22,4,4,4,0,0,0
119,1bde41ce9b4f,26,4,4,4,0,0,0
120,1bde41ce9b4f,26,4,4,4,2,0,0
121,1bde41ce9b4f,26,6,4,4,3,0,0
122,1bde41ce9b4f,53,9,4,4,4,0,0
123,1bde41ce9b4f,53,13,4,4,0,0,4
124,1bde41ce9b4f,53,13,4,8,3,0,0
125,1bde41ce9b4f,56,16,4,8,0,3,0
126,1bde41ce9b4f,56,16,7,8,0,0,3
127,1bde41ce9b4f,67,16,7,11,0,0,1
128,1bde41ce9b4f,67,16,7,12,0,4,0
129,1bde41ce9b4f,119,16,11,12,0,1,0
130,1bde41ce9b4f,128,16,12,12,0,0,3
131,1bde41ce9b4f,128,16,12,15,3,0,0
132,1bde41ce9b4f,136,19,12,15,0,0,3
133,1bde41ce9b4f,136,19,12,18,0,0,0
134,1bde41ce9b4f,137,19,12,18,0,0,0
135,1bde41ce9b4f,137,19,12,18,2,0,0
136,1bde41ce9b4f,163,21,12,18,0,3,0
137,1bde41ce9b4f,175,21,15,18,3,0,0
138,1bde41ce9b4f,175,24,15,18,0,2,0
139,1bde41ce9b4f,178,24,17,18,0,4,0
140,1bde41ce9b4f,178,24,21,18,0,4,0
141,1bde41ce9b4f,208,24,25,18,1,0,0
142,1bde41ce9b4f,208,25,25,18,2,0,0
143,1bde41ce9b4f,211,27,25,18,1,0,0
144,1bde41ce9b4f,211,28,25,18,0,0,2
145,1bde41ce9b4f,211,28,25,20,1,0,0
146,1bde41ce9b4f,255,29,25,20,4,0,0
147,1bde41ce9b4f,255,33,25,20,1,0,0
148,1bde41ce9b4f,273,34,25,20,0,1,0
149,1bde41ce9b4f,327,34,26,20,0,1,0
150,1bde41ce9b4f,327,34,27,20,3,0,0
151,1bde41ce9b4f,327,37,27,20,3,0,0
152,1bde41ce9b4f,361,40,27,20,3,0,0
153,1bde41ce9b4f,361,43,27,20,0,0,1
154,1bde41ce9b4f,376,43,27,21,0,3,0
155,1bde41ce9b4f,376,43,30,21,3,0,0
156,1bde41ce9b4f,376,46,30,21,0,0,4
157,1bde41ce9b4f,399,46,30,25,1,0,0
158,1bde41ce9b4f,399,47,30,25,0,2,0
159,1bde41ce9b4f,401,47,32,25,0,0,3
160,1bde41ce9b4f,401,47,32,28,0,0,0
161,1bde41ce9b4f,401,47,32,28,0,0,0
162,1bde41ce9b4f,409,47,32,28,1,0,0
163,1bde41ce9b4f,409,48,32,28,3,0,0
164,1bde41ce9b4f,409,51,32,28,3,0,0
165,1bde41ce9b4f,431,54,32,28,0,0,1
166,1bde41ce9b4f,431,54,32,29,3,0,0
167,1bde41ce9b4f,431,57,32,29,0,0,4
168,1bde41ce9b4f,435,57,32,33,0,1,0
169,1bde41ce9b4f,435,57,33,33,1,0,0
170,1bde41ce9b4f,470,58,33,33,0,0,0
171,1bde41ce9b4f,481,58,33,33,0,0,2
172,1bde41ce9b4f,481,58,33,35,2,0,0
173,1bde41ce9b4f,481,60,33,35,2,0,0
174,1bde41ce9b4f,485,62,33,35,0,0,4
175,1bde41ce9b4f,487,62,33,39,0,0,0
176,1bde41ce9b4f,491,62,33,39,0,4,0
177,1bde41ce9b4f,491,62,37,39,1,0,0
178,1bde41ce9b4f,525,63,37,39,2,0,0
179,1bde41ce9b4f,525,65,37,39,0,0,0
180,1bde41ce9b4f,554,65,37,39,1,0,0
181,1bde41ce9b4f,574,66,37,39,0,4,0
182,1bde41ce9b4f,587,66,41,39,1,0,0
183,1bde41ce9b4f,587,67,41,39,0,0,1
184,1bde41ce9b4f,596,67,41,40,2,0,0
185,1bde41ce9b4f,596,69,41,40,0,4,0
186,1bde41ce9b4f,648,69,45,40,1,0,0
187,1bde41ce9b4f,648,70,45,40,4,0,0
188,1bde41ce9b4f,659,74,45,40,0,0,0
189,1bde41ce9b4f,659,74,45,40,2,0,0
190,1bde41ce9b4f,659,76,45,40,0,4,0
191,1bde41ce9b4f,665,76,49,40,0,2,0
192,1bde41ce9b4f,665,76,51,40,1,0,0
193,1bde41ce9b4f,676,77,51,40,2,0,0
194,1bde41ce9b4f,676,79,51,40,3,0,0
195,1bde41ce9b4f,694,82,51,40,1,0,0
196,1bde41ce9b4f,731,83,51,40,0,0,3
197,1bde41ce9b4f,731,83,51,43,0,0,0
198,1bde41ce9b4f,741,83,51,43,0,1,0
199,1bde41ce9b4f,741,83,52,43,0,0,1
200,1bde41ce9b4f,795,83,52,44,0,0,0
201,1bde41ce9b4f,795,83,52,44,0,0,0
202,1bde41ce9b4f,814,83,52,44,0,0,0
203,1bde41ce9b4f,832,83,52,44,2,0,0
204,1bde41ce9b4f,832,85,52,44,0,0,0
205,1bde41ce9b4f,895,85,52,44,0,0,0
206,1bde41ce9b4f,895,85,52,44,0,0,3
207,1bde41ce9b4f,895,85,52,47,0,1,0
208,1bde41ce9b4f,904,85,53,47,0,0,3
209,1bde41ce9b4f,911,85,53,50,0,4,0
210,1bde41ce9b4f,933,85,57,50,1,0,0
211,1bde41ce9b4f,977,86,57,50,0,0,4
212,1bde41ce9b4f,977,86,57,54,3,0,0
213,344ddf4c03d6,14,0,0,0,0,0,0
214,344ddf4c03d6,14,0,0,0,0,0,0
215,344ddf4c03d6,14,0,0,0,0,3,0
216,344ddf4c03d6,52,0,3,0,1,0,0
217,344ddf4c03d6,52,1,3,0,4,0,0
218,344ddf4c03d6,61,5,3,0,1,0,0
219,344ddf4c03d6,82,6,3,0,4,0,0
220,344ddf4c03d6,82,10,3,0,1,0,0
221,344ddf4c03d6,84,11,3,0,0,0,1
222,344ddf4c03d6,84,11,3,1,0,0,2
223,344ddf4c03d6,96,11,3,3,0,0,0
224,344ddf4c03d6,96,11,3,3,4,0,0
225,344ddf4c03d6,99,15,3,3,0,0,0
226,344ddf4c03d6,112,15,3,3,4,0,0
227,344ddf4c03d6,112,19,3,3,4,0,0
228,344ddf4c03d6,112,23,3,3,3,0,0
229,344ddf4c03d6,165,26,3,3,0,0,0
230,344ddf4c03d6,165,26,3,3,0,0,0
231,344ddf4c03d6,172,26,3,3,0,0,0
232,344ddf4c03d6,191,26,3,3,0,4,0
233,344ddf4c03d6,191,26,7,3,0,0,3
234,344ddf4c03d6,191,26,7,6,0,3,0
235,344ddf4c03d6,212,26,10,6,0,0,2
236,344ddf4c03d6,263,26,10,8,4,0,0
237,344ddf4c03d6,263,30,10,8,3,0,0
238,344ddf4c03d6,291,33,10,8,0,0,0
239,344ddf4c03d6,291,33,10,8,0,0,0
240,344ddf4c03d6,291,33,10,8,0,4,0
241,344ddf4c03d6,388,33,14,8,3,0,0
242,344ddf4c03d6,388,36,14,8,3,0,0
243,344ddf4c03d6,388,39,14,8,3,0,0
244,344ddf4c03d6,391,42,14,8,0,3,0
245,344ddf4c03d6,395,42,17,8,0,0,2
246,344ddf4c03d6,395,42,17,10,2,0,0
247,344ddf4c03d6,508,44,17,10,0,1,0
248,344ddf4c03d6,526,44,18,10,3,0,0
249,344ddf4c03d6,526,47,18,10,3,0,0
250,344ddf4c03d6,530,50,18,10,0,0,0
251,344ddf4c03d6,530,50,18,10,0,0,0
252,344ddf4c03d6,534,50,18,10,0,0,4
253,344ddf4c03d6,605,50,18,14,3,0,0
254,344ddf4c03d6,605,53,18,14,0,0,0
255,344ddf4c03d6,611,53,18,14,0,2,0
256,344ddf4c03d6,611,53,20,14,0,0,0
257,344ddf4c03d6,611,53,20,14,1,0,0
258,344ddf4c03d6,634,54,20,14,0,1,0
259,344ddf4c03d6,634,54,21,14,0,0,0
260,344ddf4c03d6,649,54,21,14,2,0,0
261,344ddf4c03d6,649,56,21,14,2,0,0
262,344ddf4c03d6,651,58,21,14,0,0,0
263,344ddf4c03d6,653,58,21,14,4,0,0
264,344ddf4c03d6,653,62,21,14,0,0,4
265,344ddf4c03d6,677,62,21,18,0,0,3
266,344ddf4c03d6,677,62,21,21,0,0,0
267,344ddf4c03d6,677,62,21,21,0,0,0
268,344ddf4c03d6,688,62,21,21,4,0,0
269,344ddf4c03d6,688,66,21,21,0,1,0
270,344ddf4c03d6,688,66,22,21,0,0,3
271,344ddf4c03d6,698,66,22,24,0,0,4
272,344ddf4c03d6,705,66,22,28,1,0,0
273,344ddf4c03d6,705,67,22,28,0,2,0
274,344ddf4c03d6,705,67,24,28,0,0,1
275,344ddf4c03d6,732,67,24,29,1,0,0
276,344ddf4c03d6,737,68,24,29,0,0,2
277,344ddf4c03d6,737,68,24,31,0,0,3
278,344ddf4c03d6,749,68,24,34,0,0,1
279,344ddf4c03d6,749,68,24,35,0,0,0
280,344ddf4c03d6,780,68,24,35,0,0,0
281,344ddf4c03d6,780,68,24,35,1,0,0
282,344ddf4c03d6,780,69,24,35,0,0,0
283,344ddf4c03d6,815,69,24,35,4,0,0
284,344ddf4c03d6,828,73,24,35,1,0,0
285,344ddf4c03d6,828,74,24,35,0,0,0
286,344ddf4c03d6,843,74,24,35,0,0,0
287,344ddf4c03d6,843,74,24,35,3,0,0
288,344ddf4c03d6,843,77,24,35,0,0,0
289,344ddf4c03d6,869,77,24,35,2,0,0
290,344ddf4c03d6,869,79,24,35,0,3,0
291,344ddf4c03d6,905,79,27,35,0,0,0
292,344ddf4c03d6,909,79,27,35,2,0,0
293,344ddf4c03d6,909,81,27,35,0,0,0
294,344ddf4c03d6,909,81,27,35,0,0,1
295,344ddf4c03d6,936,81,27,36,0,0,0
296,344ddf4c03d6,936,81,27,36,0,4,0
297,344ddf4c03d6,936,81,31,36,0,0,1
298,344ddf4c03d6,960,81,31,37,0,0,2
299,344ddf4c03d6,960,81,31,39,0,0,0
300,344ddf4c03d6,979,81,31,39,0,0,2
301,4b6ad8b86675,30,0,0,0,0,0,0
302,4b6ad8b86675,58,0,0,0,0,1,0
303,4b6ad8b86675,58,0,1,0,0,0,1
304,4b6ad8b86675,58,0,1,1,0,0,2
305,4b6ad8b86675,74,0,1,3,3,0,0
306,4b6ad8b86675,74,3,1,3,0,0,0
307,4b6ad8b86675,85,3,1,3,4,0,0
308,4b6ad8b86675,85,7,1,3,4,0,0
309,4b6ad8b86675,85,11,1,3,1,0,0
310,4b6ad8b86675,89,12,1,3,0,0,0
311,4b6ad8b86675,106,12,1,3,0,0,1
312,4b6ad8b86675,106,12,1,4,0,4,0
313,4b6ad8b86675,106,12,5,4,0,1,0
314,4b6ad8b86675,145,12,6,4,0,4,0
315,4b6ad8b86675,148,12,10,4,0,0,0
316,4b6ad8b86675,187,12,10,4,3,0,0
317,4b6ad8b86675,187,15,10,4,2,0,0
318,4b6ad8b86675,187,17,10,4,0,0,1
319,4b6ad8b86675,202,17,10,5,0,0,2
320,4b6ad8b86675,202,17,10,7,3,0,0
321,4b6ad8b86675,202,20,10,7,0,0,0
322,4b6ad8b86675,213,20,10,7,2,0,0
323,4b6ad8b86675,213,22,10,7,0,0,0
324,4b6ad8b86675,213,22,10,7,0,0,2
325,4b6ad8b86675,222,22,10,9,1,0,0
326,4b6ad8b86675,222,23,10,9,0,1,0
327,4b6ad8b86675,256,23,11,9,2,0,0
328,4b6ad8b86675,265,25,11,9,0,0,4
329,4b6ad8b86675,298,25,11,13,2,0,0
330,4b6ad8b86675,307,27,11,13,2,0,0
331,4b6ad8b86675,307,29,11,13,3,0,0
332,4b6ad8b86675,351,32,11,13,4,0,0
333,4b6ad8b86675,351,36,11,13,2,0,0
334,4b6ad8b86675,357,38,11,13,0,2,0
335,4b6ad8b86675,357,38,13,13,0,0,0
336,4b6ad8b86675,357,38,13,13,4,0,0
337,4b6ad8b86675,451,42,13,13,3,0,0
338,4b6ad8b86675,509,45,13,13,0,0,0
339,4b6ad8b86675,509,45,13,13,0,0,0
340,4b6ad8b86675,517,45,13,13,0,0,4
341,4b6ad8b86675,517,45,13,17,3,0,0
342,4b6ad8b86675,517,48,13,17,3,0,0
343,4b6ad8b86675,531,51,13,17,0,0,2
344,4b6ad8b86675,531,51,13,19,0,0,0
345,4b6ad8b86675,531,51,13,19,0,0,2
346,4b6ad8b86675,548,51,13,21,0,0,0
347,4b6ad8b86675,548,51,13,21,0,1,0
348,4b6ad8b86675,568,51,14,21,0,4,0
349,4b6ad8b86675,568,51,18,21,0,0,4
350,4b6ad8b86675,568,51,18,25,0,0,3
351,4b6ad8b86675,590,51,18,28,0,0,0
352,4b6ad8b86675,590,51,18,28,1,0,0
353,4b6ad8b86675,618,52,18,28,2,0,0
354,4b6ad8b86675,678,54,18,28,0,0,2
355,4b6ad8b86675,742,54,18,30,0,0,1
356,4b6ad8b86675,742,54,18,31,0,1,0
357,4b6ad8b86675,742,54,19,31,0,3,0
358,4b6ad8b86675,753,54,22,31,1,0,0
359,4b6ad8b86675,753,55,22,31,0,0,0
360,4b6ad8b86675,753,55,22,31,3,0,0
361,4b6ad8b86675,764,58,22,31,0,0,2
362,4b6ad8b86675,784,58,22,33,0,2,0
363,4b6ad8b86675,785,58,24,33,0,3,0
364,4b6ad8b86675,790,58,27,33,2,0,0
365,4b6ad8b86675,790,60,27,33,0,3,0
366,4b6ad8b86675,817,60,30,33,1,0,0
367,4b6ad8b86675,817,61,30,33,2,0,0
368,4b6ad8b86675,858,63,30,33,0,4,0
369,4b6ad8b86675,861,63,34,33,0,2,0
370,4b6ad8b86675,861,63,36,33,4,0,0
371,4b6ad8b86675,861,67,36,33,0,0,4
372,4b6ad8b86675,889,67,36,37,0,0,3
373,4b6ad8b86675,889,67,36,40,0,2,0
374,4b6ad8b86675,889,67,38,40,0,0,2
375,4b6ad8b86675,898,67,38,42,4,0,0
376,4b6ad8b86675,898,71,38,42,4,0,0
377,4b6ad8b86675,913,75,38,42,0,0,0
378,4b6ad8b86675,923,75,38,42,4,0,0
379,4b6ad8b86675,923,79,38,42,0,0,2
380,4b6ad8b86675,923,79,38,44,0,0,3
381,4b6ad8b86675,928,79,38,47,4,0,0
382,4b6ad8b86675,928,83,38,47,0,0,2
383,4b6ad8b86675,949,83,38,49,0,0,0
384,4b6ad8b86675,949,83,38,49,2,0,0
385,4b6ad8b86675,961,85,38,49,2,0,0
386,4b6ad8b86675,961,87,38,49,2,0,0
387,4b6ad8b86675,961,89,38,49,0,0,0
388,4b6ad8b86675,975,89,38,49,3,0,0
389,4b6ad8b86675,980,92,38,49,0,0,4
390,4b6ad8b86675,980,92,38,53,4,0,0
391,4b6ad8b86675,991,96,38,53,4,0,0
392,4b6ad8b86675,991,100,38,53,4,0,0
393,4c8d5b6c695d,39,0,0,0,1,0,0
394,4c8d5b6c695d,49,1,0,0,0,0,4
395,4c8d5b6c695d,49,1,0,4,2,0,0
396,4c8d5b6c695d,59,3,0,4,0,0,4
397,4c8d5b6c695d,71,3,0,8,2,0,0
398,4c8d5b6c695d,71,5,0,8,4,0,0
399,4c8d5b6c695d,92,9,0,8,0,0,2
400,4c8d5b6c695d,92,9,0,10,1,0,0
401,4c8d5b6c695d,115,10,0,10,0,2,0
402,4c8d5b6c695d,115,10,2,10,0,4,0
403,4c8d5b6c695d,120,10,6,10,0,1,0
404,4c8d5b6c695d,120,10,7,10,0,0,0
405,4c8d5b6c695d,125,10,7,10,2,0,0
406,4c8d5b6c695d,125,12,7,10,2,0,0
407,4c8d5b6c695d,125,14,7,10,2,0,0
408,4c8d5b6c695d,149,16,7,10,4,0,0
409,4c8d5b6c695d,149,20,7,10,4,0,0
410,4c8d5b6c695d,149,24,7,10,3,0,0
411,4c8d5b6c695d,160,27,7,10,4,0,0
412,4c8d5b6c695d,160,31,7,10,0,0,1
413,4c8d5b6c695d,160,31,7,11,0,3,0
414,4c8d5b6c695d,180,31,10,11,0,2,0
415,4c8d5b6c695d,180,31,12,11,3,0,0
416,4c8d5b6c695d,214,34,12,11,0,2,0
417,4c8d5b6c695d,214,34,14,11,0,0,2
418,4c8d5b6c695d,226,34,14,13,0,0,3
419,4c8d5b6c695d,226,34,14,16,0,0,4
420,4c8d5b6c695d,264,34,14,20,0,0,0
421,4c8d5b6c695d,274,34,14,20,0,0,3
422,4c8d5b6c695d,274,34,14,23,4,0,0
423,4c8d5b6c695d,277,38,14,23,0,0,3
424,4c8d5b6c695d,310,38,14,26,4,0,0
425,4c8d5b6c695d,318,42,14,26,0,0,2
426,4c8d5b6c695d,318,42,14,28,3,0,0
427,4c8d5b6c695d,318,45,14,28,3,0,0
428,4c8d5b6c695d,343,48,14,28,0,0,4
429,4c8d5b6c695d,343,48,14,32,1,0,0
430,4c8d5b6c695d,397,49,14,32,3,0,0
431,4c8d5b6c695d,404,52,14,32,2,0,0
432,4c8d5b6c695d,404,54,14,32,0,0,4
433,4c8d5b6c695d,413,54,14,36,0,0,0
434,4c8d5b6c695d,447,54,14,36,0,0,1
435,4c8d5b6c695d,477,54,14,37,0,0,0
436,4c8d5b6c695d,477,54,14,37,2,0,0
437,4c8d5b6c695d,486,56,14,37,2,0,0
438,4c8d5b6c695d,486,58,14,37,0,0,4
439,4c8d5b6c695d,532,58,14,41,0,3,0
440,4c8d5b6c695d,532,58,17,41,0,0,4
441,4c8d5b6c695d,532,58,17,45,0,0,0
442,4c8d5b6c695d,549,58,17,45,0,0,1
443,4c8d5b6c695d,549,58,17,46,2,0,0
444,4c8d5b6c695d,549,60,17,46,0,3,0
445,4c8d5b6c695d,557,60,20,46,4,0,0
446,4c8d5b6c695d,557,64,20,46,0,0,0
447,4c8d5b6c695d,557,64,20,46,0,0,0
448,4c8d5b6c695d,579,64,20,46,0,0,4
449,4c8d5b6c695d,580,64,20,50,0,3,0
450,4c8d5b6c695d,612,64,23,50,0,0,0
451,4c8d5b6c695d,612,64,23,50,0,2,0
452,4c8d5b6c695d,637,64,25,50,4,0,0
453,4c8d5b6c695d,639,68,25,50,0,0,4
454,4c8d5b6c695d,639,68,25,54,0,4,0
455,4c8d5b6c695d,639,68,29,54,0,0,0
456,4c8d5b6c695d,689,68,29,54,0,0,4
457,4c8d5b6c695d,689,68,29,58,0,0,3
458,4c8d5b6c695d,689,68,29,61,0,1,0
459,4c8d5b6c695d,699,68,30,61,4,0,0
460,4c8d5b6c695d,699,72,30,61,0,0,0
461,4c8d5b6c695d,706,72,30,61,0,0,2
462,4c8d5b6c695d,706,72,30,63,4,0,0
463,4c8d5b6c695d,714,76,30,63,0,0,0
464,4c8d5b6c695d,724,76,30,63,0,0,2
465,4c8d5b6c695d,724,76,30,65,0,0,1
466,4c8d5b6c695d,738,76,30,66,0,0,3
467,4c8d5b6c695d,738,76,30,69,0,2,0
468,4c8d5b6c695d,808,76,32,69,0,2,0
469,4c8d5b6c695d,808,76,34,69,1,0,0
470,4c8d5b6c695d,844,77,34,69,1,0,0
471,4c8d5b6c695d,844,78,34,69,3,0,0
472,4c8d5b6c695d,844,81,34,69,0,0,4
473,4c8d5b6c695d,850,81,34,73,2,0,0
474,4c8d5b6c695d,850,83,34,73,3,0,0
475,4c8d5b6c695d,850,86,34,73,0,0,2
476,4c8d5b6c695d,920,86,34,75,0,2,0
477,4c8d5b6c695d,942,86,36,75,0,0,0
478,4c8d5b6c695d,981,86,36,75,1,0,0
479,4c8d5b6c695d,981,87,36,75,2,0,0
480,4c8d5b6c695d,987,89,36,75,1,0,0
481,4c8d5b6c695d,987,90,36,75,0,0,1
482,4c8d5b6c695d,987,90,36,76,4,0,0
483,4c8d5b6c695d,997,94,36,76,0,0,0
484,4c8d5b6c695d,997,94,36,76,1,0,0
485,51984e3434d2,8,0,0,0,4,0,0
486,51984e3434d2,8,4,0,0,1,0,0
487,51984e3434d2,8,5,0,0,0,0,1
488,51984e3434d2,15,5,0,1,1,0,0
489,51984e3434d2,24,6,0,1,2,0,0
490,51984e3434d2,24,8,0,1,0,0,0
491,51984e3434d2,40,8,0,1,0,4,0
492,51984e3434d2,68,8,4,1,3,0,0
493,51984e3434d2,68,11,4,1,3,0,0
494,51984e3434d2,154,14,4,1,0,0,0
495,51984e3434d2,154,14,4,1,0,0,0
496,51984e3434d2,154,14,4,1,3,0,0
497,51984e3434d2,205,17,4,1,0,0,0
498,51984e3434d2,205,17,4,1,0,0,4
499,51984e3434d2,227,17,4,5,0,0,1
500,51984e3434d2,227,17,4,6,4,0,0
501,51984e3434d2,230,21,4,6,0,0,0
502,51984e3434d2,236,21,4,6,0,3,0
503,51984e3434d2,236,21,7,6,2,0,0
504,51984e3434d2,240,23,7,6,3,0,0
505,51984e3434d2,240,26,7,6,3,0,0
506,51984e3434d2,251,29,7,6,1,0,0
507,51984e3434d2,251,30,7,6,2,0,0
508,51984e3434d2,251,32,7,6,0,0,0
509,51984e3434d2,275,32,7,6,4,0,0
510,51984e3434d2,328,36,7,6,0,0,4
511,51984e3434d2,353,36,7,10,0,0,3
512,51984e3434d2,358,36,7,13,2,0,0
513,51984e3434d2,362,38,7,13,0,0,0
514,51984e3434d2,362,38,7,13,0,0,0
515,51984e3434d2,396,38,7,13,0,2,0
516,51984e3434d2,396,38,9,13,4,0,0
517,51984e3434d2,414,42,9,13,1,0,0
518,51984e3434d2,414,43,9,13,2,0,0
519,51984e3434d2,414,45,9,13,0,2,0
520,51984e3434d2,424,45,11,13,1,0,0
521,51984e3434d2,424,46,11,13,4,0,0
522,51984e3434d2,424,50,11,13,2,0,0
523,51984e3434d2,432,52,11,13,4,0,0
524,51984e3434d2,432,56,11,13,0,0,0
525,51984e3434d2,443,56,11,13,0,0,2
526,51984e3434d2,452,56,11,15,0,0,2
527,51984e3434d2,466,56,11,17,0,0,3
528,51984e3434d2,466,56,11,20,2,0,0
529,51984e3434d2,471,58,11,20,0,0,1
530,51984e3434d2,471,58,11,21,3,0,0
531,51984e3434d2,471,61,11,21,0,0,2
532,51984e3434d2,496,61,11,23,3,0,0
533,51984e3434d2,498,64,11,23,0,0,0
534,51984e3434d2,498,64,11,23,0,4,0
535,51984e3434d2,518,64,15,23,1,0,0
536,51984e3434d2,518,65,15,23,1,0,0
537,51984e3434d2,518,66,15,23,4,0,0
538,51984e3434d2,535,70,15,23,0,0,0
539,51984e3434d2,535,70,15,23,1,0,0
540,51984e3434d2,535,71,15,23,0,1,0
541,51984e3434d2,550,71,16,23,3,0,0
542,51984e3434d2,555,74,16,23,0,0,2
543,51984e3434d2,555,74,16,25,1,0,0
544,51984e3434d2,569,75,16,25,3,0,0
545,51984e3434d2,569,78,16,25,2,0,0
546,51984e3434d2,575,80,16,25,3,0,0
547,51984e3434d2,575,83,16,25,4,0,0
548,51984e3434d2,575,87,16,25,0,0,0
549,51984e3434d2,581,87,16,25,0,0,1
550,51984e3434d2,581,87,16,26,3,0,0
551,51984e3434d2,631,90,16,26,0,0,1
552,51984e3434d2,631,90,16,27,0,0,0
553,51984e3434d2,640,90,16,27,3,0,0
554,51984e3434d2,696,93,16,27,2,0,0
555,51984e3434d2,696,95,16,27,0,0,4
556,51984e3434d2,696,95,16,31,0,3,0
557,51984e3434d2,717,95,19,31,0,1,0
558,51984e3434d2,717,95,20,31,1,0,0
559,51984e3434d2,717,96,20,31,0,0,1
560,51984e3434d2,728,96,20,32,2,0,0
561,51984e3434d2,734,98,20,32,0,0,0
562,51984e3434d2,750,98,20,32,0,0,4
563,51984e3434d2,750,98,20,36,0,0,2
564,51984e3434d2,781,98,20,38,0,0,0
565,51984e3434d2,818,98,20,38,0,0,0
566,51984e3434d2,818,98,20,38,0,0,1
567,51984e3434d2,893,98,20,39,0,3,0
568,51984e3434d2,893,98,23,39,2,0,0
569,51984e3434d2,893,100,23,39,0,2,0
570,51984e3434d2,902,100,25,39,0,4,0
571,51984e3434d2,902,100,29,39,0,1,0
572,51984e3434d2,918,100,30,39,4,0,0
573,51984e3434d2,924,104,30,39,1,0,0
574,51984e3434d2,939,105,30,39,0,0,0
575,51984e3434d2,939,105,30,39,0,0,3
576,51984e3434d2,939,105,30,42,0,0,2
577,51984e3434d2,950,105,30,44,0,0,3
578,51984e3434d2,984,105,30,47,0,0,0
579,51984e3434d2,984,105,30,47,1,0,0
580,51984e3434d2,992,106,30,47,3,0,0
581,51984e3434d2,992,109,30,47,4,0,0
582,51984e3434d2,992,113,30,47,3,0,0
583,5a39cadd1b00,3,0,0,0,3,0,0
584,5a39cadd1b00,3,3,0,0,1,0,0
585,5a39cadd1b00,3,4,0,0,0,0,2
586,5a39cadd1b00,62,4,0,2,2,0,0
587,5a39cadd1b00,62,6,0,2,0,0,0
588,5a39cadd1b00,69,6,0,2,0,0,2
589,5a39cadd1b00,69,6,0,4,1,0,0
590,5a39cadd1b00,69,7,0,4,4,0,0
591,5a39cadd1b00,75,11,0,4,0,0,4
592,5a39cadd1b00,75,11,0,8,0,0,4
593,5a39cadd1b00,75,11,0,12,3,0,0
594,5a39cadd1b00,90,14,0,12,4,0,0
595,5a39cadd1b00,90,18,0,12,1,0,0
596,5a39cadd1b00,97,19,0,12,4,0,0
597,5a39cadd1b00,97,23,0,12,0,2,0
598,5a39cadd1b00,97,23,2,12,0,0,0
599,5a39cadd1b00,126,23,2,12,3,0,0
600,5a39cadd1b00,129,26,2,12,2,0,0
601,5a39cadd1b00,131,28,2,12,0,0,2
602,5a39cadd1b00,131,28,2,14,3,0,0
603,5a39cadd1b00,131,31,2,14,4,0,0
604,5a39cadd1b00,150,35,2,14,1,0,0
605,5a39cadd1b00,150,36,2,14,2,0,0
606,5a39cadd1b00,170,38,2,14,2,0,0
607,5a39cadd1b00,170,40,2,14,0,2,0
608,5a39cadd1b00,182,40,4,14,0,0,4
609,5a39cadd1b00,182,40,4,18,0,0,0
610,5a39cadd1b00,219,40,4,18,3,0,0
611,5a39cadd1b00,223,43,4,18,1,0,0
612,5a39cadd1b00,223,44,4,18,0,0,0
613,5a39cadd1b00,223,44,4,18,0,0,0
614,5a39cadd1b00,252,44,4,18,0,0,2
615,5a39cadd1b00,252,44,4,20,0,3,0
616,5a39cadd1b00,252,44,7,20,4,0,0
617,5a39cadd1b00,257,48,7,20,0,2,0
618,5a39cadd1b00,257,48,9,20,3,0,0
619,5a39cadd1b00,257,51,9,20,0,0,2
620,5a39cadd1b00,266,51,9,22,4,0,0
621,5a39cadd1b00,266,55,9,22,4,0,0
622,5a39cadd1b00,283,59,9,22,0,4,0
623,5a39cadd1b00,283,59,13,22,0,0,1
624,5a39cadd1b00,292,59,13,23,0,0,3
625,5a39cadd1b00,292,59,13,26,0,0,0
626,5a39cadd1b00,292,59,13,26,0,0,0
627,5a39cadd1b00,306,59,13,26,1,0,0
628,5a39cadd1b00,306,60,13,26,0,2,0
629,5a39cadd1b00,308,60,15,26,0,0,0
630,5a39cadd1b00,308,60,15,26,0,0,0
631,5a39cadd1b00,308,60,15,26,0,4,0
632,5a39cadd1b00,319,60,19,26,1,0,0
633,5a39cadd1b00,319,61,19,26,4,0,0
634,5a39cadd1b00,319,65,19,26,1,0,0
635,5a39cadd1b00,344,66,19,26,0,0,0
636,5a39cadd1b00,344,66,19,26,0,0,0
637,5a39cadd1b00,360,66,19,26,0,0,2
638,5a39cadd1b00,360,66,19,28,0,0,3
639,5a39cadd1b00,373,66,19,31,0,0,4
640,5a39cadd1b00,373,66,19,35,0,2,0
641,5a39cadd1b00,392,66,21,35,0,0,0
642,5a39cadd1b00,398,66,21,35,0,0,4
643,5a39cadd1b00,398,66,21,39,1,0,0
644,5a39cadd1b00,410,67,21,39,2,0,0
645,5a39cadd1b00,415,69,21,39,3,0,0
646,5a39cadd1b00,415,72,21,39,2,0,0
647,5a39cadd1b00,434,74,21,39,2,0,0
648,5a39cadd1b00,453,76,21,39,2,0,0
649,5a39cadd1b00,462,78,21,39,4,0,0
650,5a39cadd1b00,527,82,21,39,1,0,0
651,5a39cadd1b00,527,83,21,39,0,0,2
652,5a39cadd1b00,527,83,21,41,0,0,0
653,5a39cadd1b00,591,83,21,41,0,0,0
654,5a39cadd1b00,591,83,21,41,0,0,0
655,5a39cadd1b00,601,83,21,41,0,0,1
656,5a39cadd1b00,602,83,21,42,0,0,2
657,5a39cadd1b00,613,83,21,44,0,3,0
658,5a39cadd1b00,613,83,24,44,0,0,0
659,5a39cadd1b00,613,83,24,44,1,0,0
660,5a39cadd1b00,655,84,24,44,3,0,0
661,5a39cadd1b00,655,87,24,44,2,0,0
662,5a39cadd1b00,655,89,24,44,1,0,0
663,5a39cadd1b00,684,90,24,44,4,0,0
664,5a39cadd1b00,684,94,24,44,2,0,0
665,5a39cadd1b00,700,96,24,44,4,0,0
666,5a39cadd1b00,700,100,24,44,0,0,0
667,5a39cadd1b00,700,100,24,44,4,0,0
668,5a39cadd1b00,703,104,24,44,4,0,0
669,5a39cadd1b00,703,108,24,44,0,0,1
670,5a39cadd1b00,710,108,24,45,0,1,0
671,5a39cadd1b00,710,108,25,45,0,0,0
672,5a39cadd1b00,710,108,25,45,1,0,0
673,5a39cadd1b00,768,109,25,45,0,0,0
674,5a39cadd1b00,768,109,25,45,0,0,0
675,5a39cadd1b00,791,109,25,45,0,0,4
676,5a39cadd1b00,791,109,25,49,0,0,2
677,5a39cadd1b00,793,109,25,51,0,0,0
678,5a39cadd1b00,793,109,25,51,0,0,0
679,5a39cadd1b00,804,109,25,51,3,0,0
680,5a39cadd1b00,804,112,25,51,4,0,0
681,5a39cadd1b00,804,116,25,51,0,0,0
682,5a39cadd1b00,809,116,25,51,0,0,3
683,5a39cadd1b00,809,116,25,54,0,0,1
684,5a39cadd1b00,809,116,25,55,0,4,0
685,5a39cadd1b00,811,116,29,55,2,0,0
686,5a39cadd1b00,811,118,29,55,0,1,0
687,5a39cadd1b00,819,118,30,55,0,3,0
688,5a39cadd1b00,819,118,33,55,0,1,0
689,5a39cadd1b00,825,118,34,55,3,0,0
690,5a39cadd1b00,833,121,34,55,0,0,0
691,5a39cadd1b00,833,121,34,55,3,0,0
692,5a39cadd1b00,833,124,34,55,0,0,1
693,5a39cadd1b00,862,124,34,56,3,0,0
694,5a39cadd1b00,862,127,34,56,2,0,0
695,5a39cadd1b00,881,129,34,56,0,2,0
696,5a39cadd1b00,886,129,36,56,0,2,0
697,5a39cadd1b00,886,129,38,56,0,0,0
698,5a39cadd1b00,921,129,38,56,0,0,1
699,5a39cadd1b00,962,129,38,57,0,1,0
700,5a39cadd1b00,962,129,39,57,0,2,0
701,5a39cadd1b00,982,129,41,57,2,0,0
702,5a8872eea42b,9,0,0,0,1,0,0
703,5a8872eea42b,9,1,0,0,1,0,0
704,5a8872eea42b,9,2,0,0,0,0,0
705,5a8872eea42b,19,2,0,0,4,0,0
706,5a8872eea42b,25,6,0,0,1,0,0
707,5a8872eea42b,25,7,0,0,0,0,0
708,5a8872eea42b,27,7,0,0,0,0,2
709,5a8872eea42b,27,7,0,2,4,0,0
710,5a8872eea42b,63,11,0,2,0,0,0
711,5a8872eea42b,63,11,0,2,0,0,0
712,5a8872eea42b,87,11,0,2,2,0,0
713,5a8872eea42b,104,13,0,2,1,0,0
714,5a8872eea42b,104,14,0,2,0,0,4
715,5a8872eea42b,104,14,0,6,1,0,0
716,5a8872eea42b,107,15,0,6,4,0,0
717,5a8872eea42b,107,19,0,6,2,0,0
718,5a8872eea42b,107,21,0,6,0,0,4
719,5a8872eea42b,110,21,0,10,0,0,0
720,5a8872eea42b,110,21,0,10,4,0,0
721,5a8872eea42b,110,25,0,10,0,0,2
722,5a8872eea42b,132,25,0,12,4,0,0
723,5a8872eea42b,142,29,0,12,0,0,0
724,5a8872eea42b,183,29,0,12,2,0,0
725,5a8872eea42b,183,31,0,12,4,0,0
726,5a8872eea42b,183,35,0,12,0,0,4
727,5a8872eea42b,224,35,0,16,1,0,0
728,5a8872eea42b,224,36,0,16,0,0,0
729,5a8872eea42b,228,36,0,16,0,0,3
730,5a8872eea42b,248,36,0,19,0,2,0
731,5a8872eea42b,248,36,2,19,3,0,0
732,5a8872eea42b,271,39,2,19,2,0,0
733,5a8872eea42b,271,41,2,19,0,0,1
734,5a8872eea42b,278,41,2,20,1,0,0
735,5a8872eea42b,278,42,2,20,2,0,0
736,5a8872eea42b,290,44,2,20,0,0,0
737,5a8872eea42b,290,44,2,20,0,2,0
738,5a8872eea42b,293,44,4,20,0,0,4
739,5a8872eea42b,313,44,4,24,3,0,0
740,5a8872eea42b,313,47,4,24,4,0,0
741,5a8872eea42b,313,51,4,24,0,0,3
742,5a8872eea42b,329,51,4,27,0,1,0
743,5a8872eea42b,329,51,5,27,2,0,0
744,5a8872eea42b,346,53,5,27,0,0,3
745,5a8872eea42b,346,53,5,30,3,0,0
746,5a8872eea42b,346,56,5,30,0,0,1
747,5a8872eea42b,420,56,5,31,1,0,0
748,5a8872eea42b,425,57,5,31,2,0,0
749,5a8872eea42b,425,59,5,31,2,0,0
750,5a8872eea42b,436,61,5,31,4,0,0
751,5a8872eea42b,436,65,5,31,1,0,0
752,5a8872eea42b,436,66,5,31,0,3,0
753,5a8872eea42b,463,66,8,31,4,0,0
754,5a8872eea42b,467,70,8,31,0,0,2
755,5a8872eea42b,467,70,8,33,0,0,0
756,5a8872eea42b,467,70,8,33,0,0,4
757,5a8872eea42b,478,70,8,37,3,0,0
758,5a8872eea42b,478,73,8,37,1,0,0
759,5a8872eea42b,510,74,8,37,2,0,0
760,5a8872eea42b,510,76,8,37,1,0,0
761,5a8872eea42b,536,77,8,37,2,0,0
762,5a8872eea42b,558,79,8,37,1,0,0
763,5a8872eea42b,558,80,8,37,2,0,0
764,5a8872eea42b,558,82,8,37,0,2,0
765,5a8872eea42b,565,82,10,37,2,0,0
766,5a8872eea42b,565,84,10,37,0,1,0
767,5a8872eea42b,576,84,11,37,0,0,0
768,5a8872eea42b,576,84,11,37,3,0,0
769,5a8872eea42b,576,87,11,37,0,4,0
770,5a8872eea42b,592,87,15,37,0,0,3
771,5a8872eea42b,592,87,15,40,0,0,4
772,5a8872eea42b,592,87,15,44,4,0,0
773,5a8872eea42b,627,91,15,44,2,0,0
774,5a8872eea42b,644,93,15,44,0,0,0
775,5a8872eea42b,720,93,15,44,0,0,3
776,5a8872eea42b,720,93,15,47,2,0,0
777,5a8872eea42b,754,95,15,47,2,0,0
778,5a8872eea42b,754,97,15,47,0,0,3
779,5a8872eea42b,757,97,15,50,0,3,0
780,5a8872eea42b,757,97,18,50,0,0,2
781,5a8872eea42b,757,97,18,52,0,0,2
782,5a8872eea42b,762,97,18,54,1,0,0
783,5a8872eea42b,769,98,18,54,0,0,0
784,5a8872eea42b,773,98,18,54,0,0,2
785,5a8872eea42b,773,98,18,56,0,2,0
786,5a8872eea42b,787,98,20,56,3,0,0
787,5a8872eea42b,787,101,20,56,0,0,2
788,5a8872eea42b,787,101,20,58,3,0,0
789,5a8872eea42b,805,104,20,58,2,0,0
790,5a8872eea42b,805,106,20,58,0,2,0
791,5a8872eea42b,851,106,22,58,0,0,3
792,5a8872eea42b,851,106,22,61,0,0,0
793,5a8872eea42b,851,106,22,61,3,0,0
794,5a8872eea42b,859,109,22,61,1,0,0
795,5a8872eea42b,859,110,22,61,0,0,0
796,5a8872eea42b,859,110,22,61,0,0,4
797,5a8872eea42b,870,110,22,65,0,0,4
798,5a8872eea42b,879,110,22,69,3,0,0
799,5a8872eea42b,912,113,22,69,0,3,0
800,5a8872eea42b,983,113,25,69,2,0,0
801,5a8872eea42b,983,115,25,69,0,2,0
802,5a8872eea42b,998,115,27,69,3,0,0
803,5a8872eea42b,998,118,27,69,1,0,0
804,69e12ad8d81d,100,0,0,0,1,0,0
805,69e12ad8d81d,144,1,0,0,0,0,2
806,69e12ad8d81d,155,1,0,2,4,0,0
807,69e12ad8d81d,155,5,0,2,0,0,0
808,69e12ad8d81d,166,5,0,2,0,3,0
809,69e12ad8d81d,179,5,3,2,3,0,0
810,69e12ad8d81d,179,8,3,2,0,4,0
811,69e12ad8d81d,179,8,7,2,0,0,0
812,69e12ad8d81d,184,8,7,2,0,0,4
813,69e12ad8d81d,184,8,7,6,0,4,0
814,69e12ad8d81d,206,8,11,6,2,0,0
815,69e12ad8d81d,206,10,11,6,3,0,0
816,69e12ad8d81d,237,13,11,6,0,0,2
817,69e12ad8d81d,237,13,11,8,1,0,0
818,69e12ad8d81d,258,14,11,8,0,0,4
819,69e12ad8d81d,272,14,11,12,0,0,2
820,69e12ad8d81d,272,14,11,14,3,0,0
821,69e12ad8d81d,284,17,11,14,0,2,0
822,69e12ad8d81d,304,17,13,14,0,0,2
823,69e12ad8d81d,304,17,13,16,1,0,0
824,69e12ad8d81d,311,18,13,16,0,0,0
825,69e12ad8d81d,314,18,13,16,0,0,0
826,69e12ad8d81d,314,18,13,16,1,0,0
827,69e12ad8d81d,314,19,13,16,0,0,0
828,69e12ad8d81d,322,19,13,16,0,0,2
829,69e12ad8d81d,359,19,13,18,0,4,0
830,69e12ad8d81d,359,19,17,18,0,3,0
831,69e12ad8d81d,359,19,20,18,0,1,0
832,69e12ad8d81d,367,19,21,18,0,0,1
833,69e12ad8d81d,367,19,21,19,0,0,0
834,69e12ad8d81d,367,19,21,19,1,0,0
835,69e12ad8d81d,370,20,21,19,1,0,0
836,69e12ad8d81d,370,21,21,19,1,0,0
837,69e12ad8d81d,385,22,21,19,0,3,0
838,69e12ad8d81d,385,22,24,19,0,0,3
839,69e12ad8d81d,385,22,24,22,0,3,0
840,69e12ad8d81d,402,22,27,22,0,3,0
841,69e12ad8d81d,402,22,30,22,0,0,0
842,69e12ad8d81d,421,22,30,22,3,0,0
843,69e12ad8d81d,421,25,30,22,0,1,0
844,69e12ad8d81d,421,25,31,22,1,0,0
845,69e12ad8d81d,444,26,31,22,0,0,0
846,69e12ad8d81d,444,26,31,22,3,0,0
847,69e12ad8d81d,448,29,31,22,4,0,0
848,69e12ad8d81d,448,33,31,22,0,2,0
849,69e12ad8d81d,448,33,33,22,0,0,3
850,69e12ad8d81d,454,33,33,25,0,0,0
851,69e12ad8d81d,454,33,33,25,0,4,0
852,69e12ad8d81d,454,33,37,25,0,0,0
853,69e12ad8d81d,468,33,37,25,0,0,2
854,69e12ad8d81d,512,33,37,27,2,0,0
855,69e12ad8d81d,512,35,37,27,4,0,0
856,69e12ad8d81d,521,39,37,27,1,0,0
857,69e12ad8d81d,521,40,37,27,0,2,0
858,69e12ad8d81d,521,40,39,27,0,4,0
859,69e12ad8d81d,523,40,43,27,2,0,0
860,69e12ad8d81d,523,42,43,27,0,0,4
861,69e12ad8d81d,577,42,43,31,1,0,0
862,69e12ad8d81d,577,43,43,31,0,0,1
863,69e12ad8d81d,588,43,43,32,0,0,0
864,69e12ad8d81d,588,43,43,32,1,0,0
865,69e12ad8d81d,619,44,43,32,0,0,0
866,69e12ad8d81d,619,44,43,32,0,0,1
867,69e12ad8d81d,619,44,43,33,3,0,0
868,69e12ad8d81d,624,47,43,33,0,4,0
869,69e12ad8d81d,624,47,47,33,0,0,4
870,69e12ad8d81d,624,47,47,37,1,0,0
871,69e12ad8d81d,638,48,47,37,4,0,0
872,69e12ad8d81d,638,52,47,37,0,0,3
873,69e12ad8d81d,663,52,47,40,0,4,0
874,69e12ad8d81d,711,52,51,40,0,0,0
875,69e12ad8d81d,711,52,51,40,2,0,0
876,69e12ad8d81d,751,54,51,40,0,0,0
877,69e12ad8d81d,765,54,51,40,4,0,0
878,69e12ad8d81d,765,58,51,40,2,0,0
879,69e12ad8d81d,765,60,51,40,0,0,1
880,69e12ad8d81d,776,60,51,41,3,0,0
881,69e12ad8d81d,776,63,51,41,1,0,0
882,69e12ad8d81d,820,64,51,41,0,0,3
883,69e12ad8d81d,829,64,51,44,0,0,4
884,69e12ad8d81d,829,64,51,48,0,4,0
885,69e12ad8d81d,829,64,55,48,3,0,0
886,69e12ad8d81d,834,67,55,48,3,0,0
887,69e12ad8d81d,834,70,55,48,2,0,0
888,69e12ad8d81d,873,72,55,48,1,0,0
889,69e12ad8d81d,873,73,55,48,1,0,0
890,69e12ad8d81d,873,74,55,48,0,3,0
891,69e12ad8d81d,884,74,58,48,4,0,0
892,69e12ad8d81d,884,78,58,48,0,0,0
893,69e12ad8d81d,884,78,58,48,2,0,0
894,69e12ad8d81d,890,80,58,48,0,0,0
895,69e12ad8d81d,890,80,58,48,0,0,0
896,69e12ad8d81d,899,80,58,48,2,0,0
897,69e12ad8d81d,906,82,58,48,2,0,0
898,69e12ad8d81d,906,84,58,48,1,0,0
899,69e12ad8d81d,906,85,58,48,0,0,4
900,69e12ad8d81d,946,85,58,52,0,0,0
901,69e12ad8d81d,951,85,58,52,0,4,0
902,69e12ad8d81d,951,85,62,52,1,0,0
903,69e12ad8d81d,951,86,62,52,0,0,3
904,69e12ad8d81d,955,86,62,55,2,0,0
905,69e12ad8d81d,993,88,62,55,4,0,0
906,69e12ad8d81d,993,92,62,55,1,0,0
907,794085b394b2,37,0,0,0,0,0,3
908,794085b394b2,37,0,0,3,0,4,0
909,794085b394b2,64,0,4,3,3,0,0
910,794085b394b2,64,3,4,3,0,0,0
911,794085b394b2,79,3,4,3,0,0,3
912,794085b394b2,79,3,4,6,1,0,0
913,794085b394b2,93,4,4,6,0,3,0
914,794085b394b2,130,4,7,6,0,2,0
915,794085b394b2,130,4,9,6,1,0,0
916,794085b394b2,133,5,9,6,0,0,0
917,794085b394b2,167,5,9,6,0,0,0
918,794085b394b2,177,5,9,6,2,0,0
919,794085b394b2,177,7,9,6,1,0,0
920,794085b394b2,197,8,9,6,0,3,0
921,794085b394b2,197,8,12,6,0,0,0
922,794085b394b2,197,8,12,6,3,0,0
923,794085b394b2,209,11,12,6,0,0,1
924,794085b394b2,209,11,12,7,3,0,0
925,794085b394b2,215,14,12,7,4,0,0
926,794085b394b2,215,18,12,7,0,2,0
927,794085b394b2,225,18,14,7,0,0,4
928,794085b394b2,225,18,14,11,0,0,0
929,794085b394b2,231,18,14,11,2,0,0
930,794085b394b2,245,20,14,11,3,0,0
931,794085b394b2,245,23,14,11,0,0,4
932,794085b394b2,245,23,14,15,1,0,0
933,794085b394b2,269,24,14,15,0,0,2
934,794085b394b2,280,24,14,17,0,0,0
935,794085b394b2,280,24,14,17,0,0,2
936,794085b394b2,287,24,14,19,0,0,3
937,794085b394b2,287,24,14,22,4,0,0
938,794085b394b2,294,28,14,22,0,0,0
939,794085b394b2,323,28,14,22,3,0,0
940,794085b394b2,323,31,14,22,0,0,0
941,794085b394b2,323,31,14,22,4,0,0
942,794085b394b2,330,35,14,22,4,0,0
943,794085b394b2,330,39,14,22,1,0,0
944,794085b394b2,330,40,14,22,3,0,0
945,794085b394b2,334,43,14,22,0,1,0
946,794085b394b2,334,43,15,22,0,0,2
947,794085b394b2,339,43,15,24,0,0,0
948,794085b394b2,339,43,15,24,0,2,0
949,794085b394b2,339,43,17,24,4,0,0
950,794085b394b2,363,47,17,24,2,0,0
951,794085b394b2,427,49,17,24,0,0,2
952,794085b394b2,427,49,17,26,3,0,0
953,794085b394b2,449,52,17,26,2,0,0
954,794085b394b2,455,54,17,26,4,0,0
955,794085b394b2,472,58,17,26,1,0,0
956,794085b394b2,472,59,17,26,4,0,0
957,794085b394b2,472,63,17,26,0,0,3
958,794085b394b2,482,63,17,29,0,2,0
959,794085b394b2,482,63,19,29,0,3,0
960,794085b394b2,482,63,22,29,3,0,0
961,794085b394b2,504,66,22,29,4,0,0
962,794085b394b2,504,70,22,29,3,0,0
963,794085b394b2,504,73,22,29,0,2,0
964,794085b394b2,511,73,24,29,0,0,0
965,794085b394b2,511,73,24,29,0,0,0
966,794085b394b2,513,73,24,29,0,0,0
967,794085b394b2,519,73,24,29,0,0,0
968,794085b394b2,537,73,24,29,4,0,0
969,794085b394b2,537,77,24,29,3,0,0
970,794085b394b2,537,80,24,29,2,0,0
971,794085b394b2,541,82,24,29,0,0,2
972,794085b394b2,541,82,24,31,0,0,0
973,794085b394b2,582,82,24,31,3,0,0
974,794085b394b2,582,85,24,31,0,4,0
975,794085b394b2,625,85,28,31,0,0,2
976,794085b394b2,625,85,28,33,3,0,0
977,794085b394b2,656,88,28,33,3,0,0
978,794085b394b2,660,91,28,33,0,0,4
979,794085b394b2,660,91,28,37,1,0,0
980,794085b394b2,670,92,28,37,0,1,0
981,794085b394b2,681,92,29,37,4,0,0
982,794085b394b2,681,96,29,37,0,0,2
983,794085b394b2,681,96,29,39,3,0,0
984,794085b394b2,685,99,29,39,0,0,2
985,794085b394b2,690,99,29,41,0,0,0
986,794085b394b2,690,99,29,41,4,0,0
987,794085b394b2,712,103,29,41,2,0,0
988,794085b394b2,712,105,29,41,0,0,3
989,794085b394b2,758,105,29,44,0,0,3
990,794085b394b2,774,105,29,47,0,0,3
991,794085b394b2,774,105,29,50,0,0,4
992,794085b394b2,799,105,29,54,0,0,0
993,794085b394b2,799,105,29,54,0,2,0
994,794085b394b2,799,105,31,54,3,0,0
995,794085b394b2,852,108,31,54,0,4,0
996,794085b394b2,863,108,35,54,1,0,0
997,794085b394b2,891,109,35,54,1,0,0
998,794085b394b2,891,110,35,54,0,2,0
999,794085b394b2,891,110,37,54,0,0,2
1000,794085b394b2,900,110,37,56,0,0,0
1001,794085b394b2,900,110,37,56,0,2,0
1002,794085b394b2,926,110,39,56,3,0,0
1003,794085b394b2,926,113,39,56,2,0,0
1004,794085b394b2,926,115,39,56,0,0,0
1005,794085b394b2,929,115,39,56,3,0,0
1006,794085b394b2,940,118,39,56,3,0,0
1007,794085b394b2,940,121,39,56,3,0,0
1008,794085b394b2,978,124,39,56,0,0,2
1009,94962c41e17d,16,0,0,0,0,0,4
1010,94962c41e17d,16,0,0,4,0,0,0
1011,94962c41e17d,16,0,0,4,0,2,0
1012,94962c41e17d,41,0,2,4,2,0,0
1013,94962c41e17d,41,2,2,4,0,0,4
1014,94962c41e17d,41,2,2,8,0,0,4
1015,94962c41e17d,57,2,2,12,2,0,0
1016,94962c41e17d,57,4,2,12,3,0,0
1017,94962c41e17d,57,7,2,12,0,0,3
1018,94962c41e17d,65,7,2,15,4,0,0
1019,94962c41e17d,65,11,2,15,3,0,0
1020,94962c41e17d,72,14,2,15,0,0,0
1021,94962c41e17d,72,14,2,15,2,0,0
1022,94962c41e17d,72,16,2,15,3,0,0
1023,94962c41e17d,76,19,2,15,0,1,0
1024,94962c41e17d,80,19,3,15,1,0,0
1025,94962c41e17d,98,20,3,15,1,0,0
1026,94962c41e17d,98,21,3,15,0,1,0
1027,94962c41e17d,98,21,4,15,1,0,0
1028,94962c41e17d,102,22,4,15,0,4,0
1029,94962c41e17d,102,22,8,15,3,0,0
1030,94962c41e17d,102,25,8,15,2,0,0
1031,94962c41e17d,151,27,8,15,1,0,0
1032,94962c41e17d,151,28,8,15,0,3,0
1033,94962c41e17d,151,28,11,15,0,0,0
1034,94962c41e17d,156,28,11,15,0,0,3
1035,94962c41e17d,161,28,11,18,0,0,3
1036,94962c41e17d,161,28,11,21,0,3,0
1037,94962c41e17d,173,28,14,21,0,4,0
1038,94962c41e17d,185,28,18,21,0,0,2
1039,94962c41e17d,185,28,18,23,3,0,0
1040,94962c41e17d,194,31,18,23,4,0,0
1041,94962c41e17d,194,35,18,23,3,0,0
1042,94962c41e17d,203,38,18,23,4,0,0
1043,94962c41e17d,203,42,18,23,1,0,0
1044,94962c41e17d,238,43,18,23,1,0,0
1045,94962c41e17d,238,44,18,23,4,0,0
1046,94962c41e17d,238,48,18,23,2,0,0
1047,94962c41e17d,288,50,18,23,4,0,0
1048,94962c41e17d,305,54,18,23,0,3,0
1049,94962c41e17d,340,54,21,23,4,0,0
1050,94962c41e17d,380,58,21,23,1,0,0
1051,94962c41e17d,389,59,21,23,3,0,0
1052,94962c41e17d,403,62,21,23,0,0,1
1053,94962c41e17d,460,62,21,24,0,0,3
1054,94962c41e17d,460,62,21,27,2,0,0
1055,94962c41e17d,476,64,21,27,0,0,2
1056,94962c41e17d,476,64,21,29,4,0,0
1057,94962c41e17d,476,68,21,29,0,0,4
1058,94962c41e17d,490,68,21,33,2,0,0
1059,94962c41e17d,490,70,21,33,0,0,0
1060,94962c41e17d,497,70,21,33,2,0,0
1061,94962c41e17d,497,72,21,33,4,0,0
1062,94962c41e17d,497,76,21,33,0,4,0
1063,94962c41e17d,528,76,25,33,0,1,0
1064,94962c41e17d,538,76,26,33,0,3,0
1065,94962c41e17d,551,76,29,33,1,0,0
1066,94962c41e17d,583,77,29,33,1,0,0
1067,94962c41e17d,583,78,29,33,1,0,0
1068,94962c41e17d,597,79,29,33,0,0,3
1069,94962c41e17d,597,79,29,36,4,0,0
1070,94962c41e17d,597,83,29,36,0,0,4
1071,94962c41e17d,718,83,29,40,1,0,0
1072,94962c41e17d,718,84,29,40,0,4,0
1073,94962c41e17d,743,84,33,40,2,0,0
1074,94962c41e17d,747,86,33,40,3,0,0
1075,94962c41e17d,766,89,33,40,3,0,0
1076,94962c41e17d,766,92,33,40,1,0,0
1077,94962c41e17d,766,93,33,40,1,0,0
1078,94962c41e17d,777,94,33,40,0,2,0
1079,94962c41e17d,777,94,35,40,1,0,0
1080,94962c41e17d,821,95,35,40,0,3,0
1081,94962c41e17d,821,95,38,40,2,0,0
1082,94962c41e17d,826,97,38,40,3,0,0
1083,94962c41e17d,864,100,38,40,2,0,0
1084,94962c41e17d,864,102,38,40,0,1,0
1085,94962c41e17d,864,102,39,40,2,0,0
1086,94962c41e17d,871,104,39,40,2,0,0
1087,94962c41e17d,871,106,39,40,0,0,3
1088,94962c41e17d,877,106,39,43,0,3,0
1089,94962c41e17d,887,106,42,43,0,0,0
1090,94962c41e17d,943,106,42,43,2,0,0
1091,94962c41e17d,952,108,42,43,0,0,1
1092,94962c41e17d,952,108,42,44,0,2,0
1093,94962c41e17d,963,108,44,44,3,0,0
1094,94962c41e17d,963,111,44,44,0,0,0
1095,94962c41e17d,963,111,44,44,0,2,0
1096,94962c41e17d,965,111,46,44,0,0,0
1097,94962c41e17d,970,111,46,44,1,0,0
1098,95a10e2b9557,31,0,0,0,0,0,0
1099,95a10e2b9557,31,0,0,0,0,0,2
1100,95a10e2b9557,42,0,0,2,0,0,0
1101,95a10e2b9557,50,0,0,2,0,0,4
1102,95a10e2b9557,50,0,0,6,1,0,0
1103,95a10e2b9557,50,1,0,6,1,0,0
1104,95a10e2b9557,73,2,0,6,0,3,0
1105,95a10e2b9557,73,2,3,6,0,3,0
1106,95a10e2b9557,73,2,6,6,3,0,0
1107,95a10e2b9557,77,5,6,6,0,0,0
1108,95a10e2b9557,77,5,6,6,0,4,0
1109,95a10e2b9557,77,5,10,6,0,3,0
1110,95a10e2b9557,108,5,13,6,2,0,0
1111,95a10e2b9557,108,7,13,6,4,0,0
1112,95a10e2b9557,108,11,13,6,0,0,1
1113,95a10e2b9557,111,11,13,7,4,0,0
1114,95a10e2b9557,111,15,13,7,2,0,0
1115,95a10e2b9557,168,17,13,7,4,0,0
1116,95a10e2b9557,168,21,13,7,0,0,0
1117,95a10e2b9557,168,21,13,7,4,0,0
1118,95a10e2b9557,188,25,13,7,1,0,0
1119,95a10e2b9557,188,26,13,7,3,0,0
1120,95a10e2b9557,188,29,13,7,1,0,0
1121,95a10e2b9557,229,30,13,7,0,0,3
1122,95a10e2b9557,229,30,13,10,4,0,0
1123,95a10e2b9557,229,34,13,10,1,0,0
1124,95a10e2b9557,234,35,13,10,0,4,0
1125,95a10e2b9557,241,35,17,10,0,1,0
1126,95a10e2b9557,285,35,18,10,2,0,0
1127,95a10e2b9557,285,37,18,10,0,0,0
1128,95a10e2b9557,285,37,18,10,3,0,0
1129,95a10e2b9557,301,40,18,10,3,0,0
1130,95a10e2b9557,301,43,18,10,4,0,0
1131,95a10e2b9557,301,47,18,10,0,0,1
1132,95a10e2b9557,335,47,18,11,0,0,0
1133,95a10e2b9557,335,47,18,11,1,0,0
1134,95a10e2b9557,364,48,18,11,0,0,0
1135,95a10e2b9557,364,48,18,11,0,0,0
1136,95a10e2b9557,381,48,18,11,0,1,0
1137,95a10e2b9557,411,48,19,11,3,0,0
1138,95a10e2b9557,411,51,19,11,3,0,0
1139,95a10e2b9557,411,54,19,11,4,0,0
1140,95a10e2b9557,428,58,19,11,0,0,2
1141,95a10e2b9557,428,58,19,13,0,0,0
1142,95a10e2b9557,428,58,19,13,3,0,0
1143,95a10e2b9557,445,61,19,13,1,0,0
1144,95a10e2b9557,543,62,19,13,0,0,0
1145,95a10e2b9557,543,62,19,13,1,0,0
1146,95a10e2b9557,559,63,19,13,1,0,0
1147,95a10e2b9557,559,64,19,13,0,0,4
1148,95a10e2b9557,586,64,19,17,1,0,0
1149,95a10e2b9557,586,65,19,17,0,2,0
1150,95a10e2b9557,586,65,21,17,0,3,0
1151,95a10e2b9557,594,65,24,17,2,0,0
1152,95a10e2b9557,594,67,24,17,0,0,0
1153,95a10e2b9557,594,67,24,17,0,4,0
1154,95a10e2b9557,614,67,28,17,2,0,0
1155,95a10e2b9557,626,69,28,17,3,0,0
1156,95a10e2b9557,652,72,28,17,3,0,0
1157,95a10e2b9557,652,75,28,17,0,0,0
1158,95a10e2b9557,661,75,28,17,0,0,3
1159,95a10e2b9557,661,75,28,20,0,0,2
1160,95a10e2b9557,664,75,28,22,0,0,0
1161,95a10e2b9557,664,75,28,22,2,0,0
1162,95a10e2b9557,686,77,28,22,3,0,0
1163,95a10e2b9557,691,80,28,22,4,0,0
1164,95a10e2b9557,691,84,28,22,1,0,0
1165,95a10e2b9557,691,85,28,22,0,0,2
1166,95a10e2b9557,702,85,28,24,1,0,0
1167,95a10e2b9557,702,86,28,24,2,0,0
1168,95a10e2b9557,729,88,28,24,0,4,0
1169,95a10e2b9557,729,88,32,24,0,0,3
1170,95a10e2b9557,770,88,32,27,4,0,0
1171,95a10e2b9557,770,92,32,27,4,0,0
1172,95a10e2b9557,778,96,32,27,0,1,0
1173,95a10e2b9557,796,96,33,27,4,0,0
1174,95a10e2b9557,802,100,33,27,1,0,0
1175,95a10e2b9557,802,101,33,27,1,0,0
1176,95a10e2b9557,812,102,33,27,3,0,0
1177,95a10e2b9557,827,105,33,27,0,0,0
1178,95a10e2b9557,827,105,33,27,0,0,4
1179,95a10e2b9557,839,105,33,31,3,0,0
1180,95a10e2b9557,839,108,33,31,0,0,0
1181,95a10e2b9557,839,108,33,31,0,0,2
1182,95a10e2b9557,874,108,33,33,0,0,3
1183,95a10e2b9557,874,108,33,36,0,3,0
1184,95a10e2b9557,874,108,36,36,4,0,0
1185,95a10e2b9557,896,112,36,36,0,0,0
1186,95a10e2b9557,896,112,36,36,0,0,1
1187,95a10e2b9557,953,112,36,37,0,0,0
1188,95a10e2b9557,953,112,36,37,0,0,1
1189,95a10e2b9557,956,112,36,38,0,0,0
1190,95a10e2b9557,956,112,36,38,3,0,0
1191,95a10e2b9557,973,115,36,38,0,2,0
1192,95a10e2b9557,973,115,38,38,1,0,0
1193,a89d6642c31c,138,0,0,0,0,0,1
1194,a89d6642c31c,146,0,0,1,0,2,0
1195,a89d6642c31c,146,0,2,1,4,0,0
1196,a89d6642c31c,146,4,2,1,1,0,0
1197,a89d6642c31c,164,5,2,1,0,0,0
1198,a89d6642c31c,164,5,2,1,0,0,2
1199,a89d6642c31c,174,5,2,3,0,1,0
1200,a89d6642c31c,174,5,3,3,0,0,1
1201,a89d6642c31c,174,5,3,4,0,0,0
1202,a89d6642c31c,216,5,3,4,3,0,0
1203,a89d6642c31c,242,8,3,4,0,0,0
1204,a89d6642c31c,281,8,3,4,0,0,2
1205,a89d6642c31c,281,8,3,6,1,0,0
1206,a89d6642c31c,295,9,3,6,0,1,0
1207,a89d6642c31c,295,9,4,6,0,0,0
1208,a89d6642c31c,324,9,4,6,0,0,2
1209,a89d6642c31c,324,9,4,8,0,0,1
1210,a89d6642c31c,347,9,4,9,0,0,3
1211,a89d6642c31c,352,9,4,12,1,0,0
1212,a89d6642c31c,354,10,4,12,0,0,0
1213,a89d6642c31c,354,10,4,12,4,0,0
1214,a89d6642c31c,382,14,4,12,4,0,0
1215,a89d6642c31c,382,18,4,12,0,3,0
1216,a89d6642c31c,382,18,7,12,0,4,0
1217,a89d6642c31c,393,18,11,12,4,0,0
1218,a89d6642c31c,400,22,11,12,1,0,0
1219,a89d6642c31c,400,23,11,12,0,0,4
1220,a89d6642c31c,400,23,11,16,1,0,0
1221,a89d6642c31c,412,24,11,16,2,0,0
1222,a89d6642c31c,412,26,11,16,1,0,0
1223,a89d6642c31c,412,27,11,16,3,0,0
1224,a89d6642c31c,429,30,11,16,1,0,0
1225,a89d6642c31c,429,31,11,16,2,0,0
1226,a89d6642c31c,429,33,11,16,0,1,0
1227,a89d6642c31c,433,33,12,16,0,4,0
1228,a89d6642c31c,433,33,16,16,2,0,0
1229,a89d6642c31c,433,35,16,16,0,3,0
1230,a89d6642c31c,450,35,19,16,0,0,0
1231,a89d6642c31c,450,35,19,16,1,0,0
1232,a89d6642c31c,473,36,19,16,4,0,0
1233,a89d6642c31c,473,40,19,16,0,0,0
1234,a89d6642c31c,483,40,19,16,2,0,0
1235,a89d6642c31c,483,42,19,16,1,0,0
1236,a89d6642c31c,483,43,19,16,0,0,3
1237,a89d6642c31c,492,43,19,19,0,0,4
1238,a89d6642c31c,492,43,19,23,3,0,0
1239,a89d6642c31c,492,46,19,23,0,0,0
1240,a89d6642c31c,501,46,19,23,3,0,0
1241,a89d6642c31c,501,49,19,23,2,0,0
1242,a89d6642c31c,501,51,19,23,0,2,0
1243,a89d6642c31c,524,51,21,23,1,0,0
1244,a89d6642c31c,524,52,21,23,1,0,0
1245,a89d6642c31c,529,53,21,23,1,0,0
1246,a89d6642c31c,529,54,21,23,1,0,0
1247,a89d6642c31c,533,55,21,23,3,0,0
1248,a89d6642c31c,533,58,21,23,2,0,0
1249,a89d6642c31c,533,60,21,23,4,0,0
1250,a89d6642c31c,593,64,21,23,1,0,0
1251,a89d6642c31c,593,65,21,23,3,0,0
1252,a89d6642c31c,593,68,21,23,2,0,0
1253,a89d6642c31c,598,70,21,23,3,0,0
1254,a89d6642c31c,598,73,21,23,0,0,4
1255,a89d6642c31c,598,73,21,27,1,0,0
1256,a89d6642c31c,608,74,21,27,2,0,0
1257,a89d6642c31c,615,76,21,27,3,0,0
1258,a89d6642c31c,615,79,21,27,4,0,0
1259,a89d6642c31c,641,83,21,27,0,0,1
1260,a89d6642c31c,641,83,21,28,1,0,0
1261,a89d6642c31c,641,84,21,28,4,0,0
1262,a89d6642c31c,654,88,21,28,4,0,0
1263,a89d6642c31c,654,92,21,28,0,0,4
1264,a89d6642c31c,658,92,21,32,0,3,0
1265,a89d6642c31c,658,92,24,32,4,0,0
1266,a89d6642c31c,679,96,24,32,0,2,0
1267,a89d6642c31c,679,96,26,32,0,0,2
1268,a89d6642c31c,679,96,26,34,4,0,0
1269,a89d6642c31c,725,100,26,34,0,0,0
1270,a89d6642c31c,725,100,26,34,0,0,0
1271,a89d6642c31c,730,100,26,34,0,0,0
1272,a89d6642c31c,730,100,26,34,0,0,0
1273,a89d6642c31c,755,100,26,34,0,3,0
1274,a89d6642c31c,755,100,29,34,0,4,0
1275,a89d6642c31c,755,100,33,34,3,0,0
1276,a89d6642c31c,759,103,33,34,4,0,0
1277,a89d6642c31c,767,107,33,34,0,0,0
1278,a89d6642c31c,767,107,33,34,1,0,0
1279,a89d6642c31c,767,108,33,34,0,0,0
1280,a89d6642c31c,782,108,33,34,4,0,0
1281,a89d6642c31c,782,112,33,34,3,0,0
1282,a89d6642c31c,806,115,33,34,0,3,0
1283,a89d6642c31c,806,115,36,34,0,3,0
1284,a89d6642c31c,806,115,39,34,2,0,0
1285,a89d6642c31c,813,117,39,34,1,0,0
1286,a89d6642c31c,813,118,39,34,1,0,0
1287,a89d6642c31c,813,119,39,34,0,0,0
1288,a89d6642c31c,835,119,39,34,0,2,0
1289,a89d6642c31c,848,119,41,34,1,0,0
1290,a89d6642c31c,865,120,41,34,0,0,0
1291,a89d6642c31c,865,120,41,34,0,4,0
1292,a89d6642c31c,865,120,45,34,0,0,3
1293,a89d6642c31c,875,120,45,37,0,2,0
1294,a89d6642c31c,875,120,47,37,0,2,0
1295,a89d6642c31c,888,120,49,37,0,0,0
1296,a89d6642c31c,915,120,49,37,0,2,0
1297,a89d6642c31c,919,120,51,37,2,0,0
1298,a89d6642c31c,919,122,51,37,0,3,0
1299,a89d6642c31c,966,122,54,37,0,0,0
1300,a89d6642c31c,976,122,54,37,3,0,0
1301,a89d6642c31c,976,125,54,37,0,3,0
1302,a89d6642c31c,985,125,57,37,0,0,1
1303,a89d6642c31c,985,125,57,38,1,0,0
1304,a89d6642c31c,994,126,57,38,4,0,0
1305,a89d6642c31c,999,130,57,38,3,0,0
1306,a89d6642c31c,999,133,57,38,0,2,0
1307,acfb105825f3,4,0,0,0,0,1,0
1308,acfb105825f3,4,0,1,0,1,0,0
1309,acfb105825f3,4,1,1,0,0,0,0
1310,acfb105825f3,28,1,1,0,4,0,0
1311,acfb105825f3,28,5,1,0,2,0,0
1312,acfb105825f3,36,7,1,0,0,0,0
1313,acfb105825f3,36,7,1,0,2,0,0
1314,acfb105825f3,43,9,1,0,0,0,0
1315,acfb105825f3,46,9,1,0,3,0,0
1316,acfb105825f3,66,12,1,0,1,0,0
1317,acfb105825f3,66,13,1,0,0,0,1
1318,acfb105825f3,66,13,1,1,0,0,0
1319,acfb105825f3,113,13,1,1,0,0,0
1320,acfb105825f3,113,13,1,1,0,3,0
1321,acfb105825f3,116,13,4,1,0,0,1
1322,acfb105825f3,124,13,4,2,0,1,0
1323,acfb105825f3,134,13,5,2,0,0,0
1324,acfb105825f3,134,13,5,2,0,0,0
1325,acfb105825f3,140,13,5,2,1,0,0
1326,acfb105825f3,143,14,5,2,0,0,0
1327,acfb105825f3,143,14,5,2,0,2,0
1328,acfb105825f3,181,14,7,2,1,0,0
1329,acfb105825f3,200,15,7,2,4,0,0
1330,acfb105825f3,200,19,7,2,1,0,0
1331,acfb105825f3,200,20,7,2,2,0,0
1332,acfb105825f3,243,22,7,2,0,0,0
1333,acfb105825f3,243,22,7,2,4,0,0
1334,acfb105825f3,259,26,7,2,3,0,0
1335,acfb105825f3,259,29,7,2,0,0,3
1336,acfb105825f3,260,29,7,5,0,0,0
1337,acfb105825f3,260,29,7,5,0,0,2
1338,acfb105825f3,260,29,7,7,0,0,2
1339,acfb105825f3,299,29,7,9,1,0,0
1340,acfb105825f3,316,30,7,9,1,0,0
1341,acfb105825f3,316,31,7,9,4,0,0
1342,acfb105825f3,316,35,7,9,3,0,0
1343,acfb105825f3,338,38,7,9,0,0,2
1344,acfb105825f3,341,38,7,11,0,2,0
1345,acfb105825f3,341,38,9,11,1,0,0
1346,acfb105825f3,341,39,9,11,0,0,0
1347,acfb105825f3,348,39,9,11,0,2,0
1348,acfb105825f3,348,39,11,11,4,0,0
1349,acfb105825f3,365,43,11,11,0,0,4
1350,acfb105825f3,365,43,11,15,0,0,0
1351,acfb105825f3,365,43,11,15,4,0,0
1352,acfb105825f3,383,47,11,15,3,0,0
1353,acfb105825f3,383,50,11,15,4,0,0
1354,acfb105825f3,406,54,11,15,0,0,0
1355,acfb105825f3,437,54,11,15,0,0,0
1356,acfb105825f3,437,54,11,15,2,0,0
1357,acfb105825f3,438,56,11,15,0,0,0
1358,acfb105825f3,438,56,11,15,2,0,0
1359,acfb105825f3,505,58,11,15,0,0,0
1360,acfb105825f3,599,58,11,15,0,3,0
1361,acfb105825f3,599,58,14,15,0,0,0
1362,acfb105825f3,620,58,14,15,0,0,0
1363,acfb105825f3,620,58,14,15,0,0,2
1364,acfb105825f3,620,58,14,17,0,0,4
1365,acfb105825f3,623,58,14,21,0,0,0
1366,acfb105825f3,629,58,14,21,0,2,0
1367,acfb105825f3,629,58,16,21,0,0,3
1368,acfb105825f3,632,58,16,24,2,0,0
1369,acfb105825f3,704,60,16,24,0,0,1
1370,acfb105825f3,704,60,16,25,1,0,0
1371,acfb105825f3,708,61,16,25,3,0,0
1372,acfb105825f3,708,64,16,25,0,0,0
1373,acfb105825f3,708,64,16,25,0,0,1
1374,acfb105825f3,713,64,16,26,0,0,0
1375,acfb105825f3,713,64,16,26,0,0,0
1376,acfb105825f3,713,64,16,26,0,0,0
1377,acfb105825f3,721,64,16,26,2,0,0
1378,acfb105825f3,721,66,16,26,0,0,0
1379,acfb105825f3,733,66,16,26,0,0,0
1380,acfb105825f3,733,66,16,26,0,0,1
1381,acfb105825f3,733,66,16,27,0,0,3
1382,acfb105825f3,842,66,16,30,1,0,0
1383,acfb105825f3,842,67,16,30,4,0,0
1384,acfb105825f3,842,71,16,30,0,0,0
1385,acfb105825f3,868,71,16,30,0,2,0
1386,acfb105825f3,935,71,18,30,2,0,0
1387,acfb105825f3,935,73,18,30,0,0,0
1388,acfb105825f3,935,73,18,30,0,3,0
1389,acfb105825f3,988,73,21,30,0,4,0
1390,acfb105825f3,988,73,25,30,0,0,0
1391,acfb105825f3,988,73,25,30,2,0,0
1392,acfb105825f3,1000,75,25,30,3,0,0
1393,acfb105825f3,1000,78,25,30,0,0,0
1394,ad8fa913d25b,29,0,0,0,3,0,0
1395,ad8fa913d25b,29,3,0,0,2,0,0
1396,ad8fa913d25b,35,5,0,0,0,0,0
1397,ad8fa913d25b,44,5,0,0,3,0,0
1398,ad8fa913d25b,44,8,0,0,0,0,0
1399,ad8fa913d25b,44,8,0,0,3,0,0
1400,ad8fa913d25b,47,11,0,0,2,0,0
1401,ad8fa913d25b,47,13,0,0,4,0,0
1402,ad8fa913d25b,47,17,0,0,1,0,0
1403,ad8fa913d25b,51,18,0,0,0,3,0
1404,ad8fa913d25b,51,18,3,0,0,0,0
1405,ad8fa913d25b,51,18,3,0,3,0,0
1406,ad8fa913d25b,55,21,3,0,0,2,0
1407,ad8fa913d25b,88,21,5,0,3,0,0
1408,ad8fa913d25b,88,24,5,0,1,0,0
1409,ad8fa913d25b,88,25,5,0,0,0,4
1410,ad8fa913d25b,114,25,5,4,2,0,0
1411,ad8fa913d25b,114,27,5,4,2,0,0
1412,ad8fa913d25b,114,29,5,4,0,0,1
1413,ad8fa913d25b,121,29,5,5,0,3,0
1414,ad8fa913d25b,162,29,8,5,0,0,0
1415,ad8fa913d25b,198,29,8,5,0,0,0
1416,ad8fa913d25b,198,29,8,5,0,0,0
1417,ad8fa913d25b,204,29,8,5,0,4,0
1418,ad8fa913d25b,207,29,12,5,0,0,1
1419,ad8fa913d25b,207,29,12,6,0,0,0
1420,ad8fa913d25b,207,29,12,6,0,0,1
1421,ad8fa913d25b,235,29,12,7,1,0,0
1422,ad8fa913d25b,239,30,12,7,0,0,3
1423,ad8fa913d25b,239,30,12,10,4,0,0
1424,ad8fa913d25b,267,34,12,10,0,0,4
1425,ad8fa913d25b,279,34,12,14,2,0,0
1426,ad8fa913d25b,279,36,12,14,4,0,0
1427,ad8fa913d25b,279,40,12,14,0,0,0
1428,ad8fa913d25b,312,40,12,14,3,0,0
1429,ad8fa913d25b,312,43,12,14,0,0,0
1430,ad8fa913d25b,312,43,12,14,0,0,4
1431,ad8fa913d25b,320,43,12,18,0,0,3
1432,ad8fa913d25b,325,43,12,21,0,0,3
1433,ad8fa913d25b,331,43,12,24,1,0,0
1434,ad8fa913d25b,331,44,12,24,1,0,0
1435,ad8fa913d25b,336,45,12,24,1,0,0
1436,ad8fa913d25b,336,46,12,24,0,0,0
1437,ad8fa913d25b,336,46,12,24,2,0,0
1438,ad8fa913d25b,349,48,12,24,2,0,0
1439,ad8fa913d25b,371,50,12,24,0,0,4
1440,ad8fa913d25b,371,50,12,28,0,0,1
1441,ad8fa913d25b,371,50,12,29,0,2,0
1442,ad8fa913d25b,408,50,14,29,3,0,0
1443,ad8fa913d25b,408,53,14,29,2,0,0
1444,ad8fa913d25b,416,55,14,29,2,0,0
1445,ad8fa913d25b,416,57,14,29,0,0,0
1446,ad8fa913d25b,464,57,14,29,4,0,0
1447,ad8fa913d25b,464,61,14,29,2,0,0
1448,ad8fa913d25b,464,63,14,29,0,0,2
1449,ad8fa913d25b,479,63,14,31,2,0,0
1450,ad8fa913d25b,479,65,14,31,0,0,0
1451,ad8fa913d25b,502,65,14,31,0,3,0
1452,ad8fa913d25b,520,65,17,31,0,0,0
1453,ad8fa913d25b,560,65,17,31,1,0,0
1454,ad8fa913d25b,560,66,17,31,0,0,0
1455,ad8fa913d25b,578,66,17,31,0,1,0
1456,ad8fa913d25b,603,66,18,31,0,0,0
1457,ad8fa913d25b,603,66,18,31,0,3,0
1458,ad8fa913d25b,603,66,21,31,2,0,0
1459,ad8fa913d25b,630,68,21,31,0,0,3
1460,ad8fa913d25b,667,68,21,34,4,0,0
1461,ad8fa913d25b,667,72,21,34,0,0,0
1462,ad8fa913d25b,667,72,21,34,0,0,0
1463,ad8fa913d25b,668,72,21,34,0,3,0
1464,ad8fa913d25b,671,72,24,34,2,0,0
1465,ad8fa913d25b,715,74,24,34,4,0,0
1466,ad8fa913d25b,763,78,24,34,3,0,0
1467,ad8fa913d25b,763,81,24,34,0,0,0
1468,ad8fa913d25b,763,81,24,34,4,0,0
1469,ad8fa913d25b,783,85,24,34,0,3,0
1470,ad8fa913d25b,783,85,27,34,3,0,0
1471,ad8fa913d25b,788,88,27,34,4,0,0
1472,ad8fa913d25b,788,92,27,34,0,3,0
1473,ad8fa913d25b,788,92,30,34,0,0,2
1474,ad8fa913d25b,845,92,30,36,0,2,0
1475,ad8fa913d25b,846,92,32,36,0,0,0
1476,ad8fa913d25b,872,92,32,36,4,0,0
1477,ad8fa913d25b,880,96,32,36,3,0,0
1478,ad8fa913d25b,880,99,32,36,4,0,0
1479,ad8fa913d25b,882,103,32,36,0,0,1
1480,ad8fa913d25b,882,103,32,37,1,0,0
1481,ad8fa913d25b,892,104,32,37,0,0,0
1482,ad8fa913d25b,892,104,32,37,0,0,1
1483,ad8fa913d25b,907,104,32,38,0,0,0
1484,ad8fa913d25b,907,104,32,38,4,0,0
1485,ad8fa913d25b,916,108,32,38,1,0,0
1486,ad8fa913d25b,916,109,32,38,0,0,0
1487,ad8fa913d25b,931,109,32,38,0,0,1
1488,ad8fa913d25b,934,109,32,39,0,3,0
1489,ad8fa913d25b,934,109,35,39,4,0,0
1490,ad8fa913d25b,934,113,35,39,4,0,0
1491,ad8fa913d25b,944,117,35,39,0,0,0
1492,ad8fa913d25b,944,117,35,39,1,0,0
1493,ad8fa913d25b,971,118,35,39,1,0,0
1494,ad8fa913d25b,971,119,35,39,2,0,0
1495,ad8fa913d25b,971,121,35,39,1,0,0
1496,b5a711fe7e92,6,0,0,0,4,0,0
1497,b5a711fe7e92,6,4,0,0,0,4,0
1498,b5a711fe7e92,23,4,4,0,2,0,0
1499,b5a711fe7e92,23,6,4,0,0,4,0
1500,b5a711fe7e92,32,6,8,0,0,0,2
1501,b5a711fe7e92,32,6,8,2,0,0,0
1502,b5a711fe7e92,32,6,8,2,0,4,0
1503,b5a711fe7e92,38,6,12,2,0,4,0
1504,b5a711fe7e92,38,6,16,2,1,0,0
1505,b5a711fe7e92,38,7,16,2,2,0,0
1506,b5a711fe7e92,91,9,16,2,0,0,4
1507,b5a711fe7e92,91,9,16,6,3,0,0
1508,b5a711fe7e92,105,12,16,6,0,0,0
1509,b5a711fe7e92,117,12,16,6,3,0,0
1510,b5a711fe7e92,117,15,16,6,0,0,0
1511,b5a711fe7e92,141,15,16,6,0,0,1
1512,b5a711fe7e92,141,15,16,7,3,0,0
1513,b5a711fe7e92,141,18,16,7,0,0,3
1514,b5a711fe7e92,152,18,16,10,1,0,0
1515,b5a711fe7e92,152,19,16,10,3,0,0
1516,b5a711fe7e92,169,22,16,10,0,4,0
1517,b5a711fe7e92,169,22,20,10,2,0,0
1518,b5a711fe7e92,171,24,20,10,0,0,0
1519,b5a711fe7e92,171,24,20,10,0,2,0
1520,b5a711fe7e92,189,24,22,10,1,0,0
1521,b5a711fe7e92,189,25,22,10,3,0,0
1522,b5a711fe7e92,210,28,22,10,2,0,0
1523,b5a711fe7e92,217,30,22,10,0,4,0
1524,b5a711fe7e92,232,30,26,10,2,0,0
1525,b5a711fe7e92,232,32,26,10,0,0,4
1526,b5a711fe7e92,232,32,26,14,0,4,0
1527,b5a711fe7e92,261,32,30,14,0,0,0
1528,b5a711fe7e92,261,32,30,14,0,3,0
1529,b5a711fe7e92,296,32,33,14,0,4,0
1530,b5a711fe7e92,296,32,37,14,0,0,0
1531,b5a711fe7e92,300,32,37,14,0,0,0
1532,b5a711fe7e92,332,32,37,14,0,0,0
1533,b5a711fe7e92,332,32,37,14,0,3,0
1534,b5a711fe7e92,332,32,40,14,0,0,1
1535,b5a711fe7e92,345,32,40,15,0,0,0
1536,b5a711fe7e92,368,32,40,15,2,0,0
1537,b5a711fe7e92,368,34,40,15,0,0,0
1538,b5a711fe7e92,372,34,40,15,3,0,0
1539,b5a711fe7e92,372,37,40,15,3,0,0
1540,b5a711fe7e92,417,40,40,15,2,0,0
1541,b5a711fe7e92,439,42,40,15,2,0,0
1542,b5a711fe7e92,439,44,40,15,4,0,0
1543,b5a711fe7e92,439,48,40,15,4,0,0
1544,b5a711fe7e92,446,52,40,15,3,0,0
1545,b5a711fe7e92,446,55,40,15,0,1,0
1546,b5a711fe7e92,456,55,41,15,0,3,0
1547,b5a711fe7e92,456,55,44,15,0,0,1
1548,b5a711fe7e92,456,55,44,16,2,0,0
1549,b5a711fe7e92,458,57,44,16,2,0,0
1550,b5a711fe7e92,484,59,44,16,0,2,0
1551,b5a711fe7e92,484,59,46,16,0,0,0
1552,b5a711fe7e92,484,59,46,16,0,4,0
1553,b5a711fe7e92,514,59,50,16,0,2,0
1554,b5a711fe7e92,544,59,52,16,0,0,0
1555,b5a711fe7e92,544,59,52,16,2,0,0
1556,b5a711fe7e92,552,61,52,16,2,0,0
1557,b5a711fe7e92,552,63,52,16,0,0,0
1558,b5a711fe7e92,561,63,52,16,0,0,3
1559,b5a711fe7e92,570,63,52,19,4,0,0
1560,b5a711fe7e92,570,67,52,19,0,0,0
1561,b5a711fe7e92,573,67,52,19,2,0,0
1562,b5a711fe7e92,573,69,52,19,0,1,0
1563,b5a711fe7e92,584,69,53,19,1,0,0
1564,b5a711fe7e92,584,70,53,19,0,0,1
1565,b5a711fe7e92,584,70,53,20,0,0,3
1566,b5a711fe7e92,606,70,53,23,0,0,0
1567,b5a711fe7e92,606,70,53,23,0,2,0
1568,b5a711fe7e92,606,70,55,23,0,0,0
1569,b5a711fe7e92,616,70,55,23,0,0,3
1570,b5a711fe7e92,616,70,55,26,0,0,3
1571,b5a711fe7e92,616,70,55,29,4,0,0
1572,b5a711fe7e92,645,74,55,29,0,2,0
1573,b5a711fe7e92,672,74,57,29,4,0,0
1574,b5a711fe7e92,672,78,57,29,0,0,1
1575,b5a711fe7e92,675,78,57,30,0,3,0
1576,b5a711fe7e92,675,78,60,30,0,0,4
1577,b5a711fe7e92,675,78,60,34,4,0,0
1578,b5a711fe7e92,692,82,60,34,3,0,0
1579,b5a711fe7e92,692,85,60,34,2,0,0
1580,b5a711fe7e92,692,87,60,34,0,0,0
1581,b5a711fe7e92,701,87,60,34,0,2,0
1582,b5a711fe7e92,701,87,62,34,0,0,0
1583,b5a711fe7e92,756,87,62,34,3,0,0
1584,b5a711fe7e92,756,90,62,34,0,0,0
1585,b5a711fe7e92,756,90,62,34,3,0,0
1586,b5a711fe7e92,771,93,62,34,0,4,0
1587,b5a711fe7e92,771,93,66,34,1,0,0
1588,b5a711fe7e92,803,94,66,34,0,0,1
1589,b5a711fe7e92,810,94,66,35,4,0,0
1590,b5a711fe7e92,855,98,66,35,2,0,0
1591,b5a711fe7e92,897,100,66,35,3,0,0
1592,b5a711fe7e92,897,103,66,35,1,0,0
1593,b5a711fe7e92,922,104,66,35,3,0,0
1594,b5a711fe7e92,922,107,66,35,2,0,0
1595,b5a711fe7e92,922,109,66,35,0,0,0
1596,b5a711fe7e92,927,109,66,35,0,0,1
1597,b5a711fe7e92,927,109,66,36,0,0,0
1598,b5a711fe7e92,930,109,66,36,0,0,0
1599,b5a711fe7e92,930,109,66,36,4,0,0
1600,b5a711fe7e92,930,113,66,36,1,0,0
1601,b5a711fe7e92,932,114,66,36,4,0,0
1602,b5a711fe7e92,932,118,66,36,1,0,0
1603,b5a711fe7e92,967,119,66,36,4,0,0
1604,b5a711fe7e92,967,123,66,36,2,0,0
1605,b5a711fe7e92,967,125,66,36,0,1,0
1606,b5a711fe7e92,974,125,67,36,0,0,4
1607,b5a711fe7e92,974,125,67,40,2,0,0
1608,b5a711fe7e92,974,127,67,40,4,0,0
1609,c0d785093a27,12,0,0,0,0,0,1
1610,c0d785093a27,12,0,0,1,0,0,4
1611,c0d785093a27,17,0,0,5,2,0,0
1612,c0d785093a27,17,2,0,5,3,0,0
1613,c0d785093a27,33,5,0,5,0,0,2
1614,c0d785093a27,33,5,0,7,1,0,0
1615,c0d785093a27,33,6,0,7,0,3,0
1616,c0d785093a27,78,6,3,7,1,0,0
1617,c0d785093a27,78,7,3,7,0,0,0
1618,c0d785093a27,94,7,3,7,0,0,0
1619,c0d785093a27,94,7,3,7,0,0,4
1620,c0d785093a27,109,7,3,11,4,0,0
1621,c0d785093a27,109,11,3,11,4,0,0
1622,c0d785093a27,109,15,3,11,1,0,0
1623,c0d785093a27,157,16,3,11,0,0,3
1624,c0d785093a27,195,16,3,14,0,2,0
1625,c0d785093a27,195,16,5,14,4,0,0
1626,c0d785093a27,286,20,5,14,4,0,0
1627,c0d785093a27,297,24,5,14,3,0,0
1628,c0d785093a27,297,27,5,14,0,0,2
1629,c0d785093a27,297,27,5,16,3,0,0
1630,c0d785093a27,317,30,5,16,0,3,0
1631,c0d785093a27,317,30,8,16,0,0,0
1632,c0d785093a27,337,30,8,16,0,4,0
1633,c0d785093a27,337,30,12,16,0,2,0
1634,c0d785093a27,366,30,14,16,0,0,0
1635,c0d785093a27,366,30,14,16,0,2,0
1636,c0d785093a27,366,30,16,16,0,1,0
1637,c0d785093a27,374,30,17,16,1,0,0
1638,c0d785093a27,374,31,17,16,0,0,1
1639,c0d785093a27,394,31,17,17,0,0,0
1640,c0d785093a27,394,31,17,17,0,0,0
1641,c0d785093a27,405,31,17,17,0,0,0
1642,c0d785093a27,422,31,17,17,1,0,0
1643,c0d785093a27,423,32,17,17,4,0,0
1644,c0d785093a27,474,36,17,17,3,0,0
1645,c0d785093a27,474,39,17,17,4,0,0
1646,c0d785093a27,474,43,17,17,0,0,3
1647,c0d785093a27,499,43,17,20,0,3,0
1648,c0d785093a27,499,43,20,20,0,4,0
1649,c0d785093a27,499,43,24,20,1,0,0
1650,c0d785093a27,503,44,24,20,3,0,0
1651,c0d785093a27,503,47,24,20,1,0,0
1652,c0d785093a27,503,48,24,20,0,4,0
1653,c0d785093a27,515,48,28,20,1,0,0
1654,c0d785093a27,515,49,28,20,4,0,0
1655,c0d785093a27,545,53,28,20,0,0,1
1656,c0d785093a27,545,53,28,21,3,0,0
1657,c0d785093a27,571,56,28,21,0,0,0
1658,c0d785093a27,571,56,28,21,0,4,0
1659,c0d785093a27,571,56,32,21,4,0,0
1660,c0d785093a27,642,60,32,21,0,0,0
1661,c0d785093a27,642,60,32,21,0,0,4
1662,c0d785093a27,642,60,32,25,2,0,0
1663,c0d785093a27,666,62,32,25,3,0,0
1664,c0d785093a27,666,65,32,25,0,0,2
1665,c0d785093a27,666,65,32,27,1,0,0
1666,c0d785093a27,673,66,32,27,3,0,0
1667,c0d785093a27,673,69,32,27,0,0,0
1668,c0d785093a27,748,69,32,27,0,0,2
1669,c0d785093a27,748,69,32,29,0,0,0
1670,c0d785093a27,748,69,32,29,4,0,0
1671,c0d785093a27,822,73,32,29,4,0,0
1672,c0d785093a27,876,77,32,29,0,0,0
1673,c0d785093a27,908,77,32,29,0,0,4
1674,c0d785093a27,908,77,32,33,2,0,0
1675,c0d785093a27,908,79,32,33,0,0,1
1676,c0d785093a27,937,79,32,34,1,0,0
1677,c0d785093a27,937,80,32,34,0,0,2
1678,c0d785093a27,937,80,32,36,0,0,0
1679,c0d785093a27,947,80,32,36,1,0,0
1680,c0d785093a27,947,81,32,36,0,0,0
1681,c0d785093a27,957,81,32,36,0,0,0
1682,c0d785093a27,968,81,32,36,0,0,2
1683,c0d785093a27,968,81,32,38,0,0,4
1684,c0d785093a27,989,81,32,42,3,0,0
1685,c0d785093a27,989,84,32,42,0,0,3
1686,db3ce696964d,1,0,0,0,0,4,0
1687,db3ce696964d,1,0,4,0,0,0,2
1688,db3ce696964d,1,0,4,2,1,0,0
1689,db3ce696964d,60,1,4,2,0,0,0
1690,db3ce696964d,60,1,4,2,2,0,0
1691,db3ce696964d,60,3,4,2,2,0,0
1692,db3ce696964d,81,5,4,2,0,4,0
1693,db3ce696964d,95,5,8,2,1,0,0
1694,db3ce696964d,95,6,8,2,4,0,0
1695,db3ce696964d,103,10,8,2,3,0,0
1696,db3ce696964d,103,13,8,2,1,0,0
1697,db3ce696964d,118,14,8,2,1,0,0
1698,db3ce696964d,118,15,8,2,4,0,0
1699,db3ce696964d,122,19,8,2,1,0,0
1700,db3ce696964d,135,20,8,2,0,0,4
1701,db3ce696964d,135,20,8,6,2,0,0
1702,db3ce696964d,139,22,8,6,3,0,0
1703,db3ce696964d,139,25,8,6,3,0,0
1704,db3ce696964d,139,28,8,6,0,3,0
1705,db3ce696964d,147,28,11,6,0,0,0
1706,db3ce696964d,147,28,11,6,1,0,0
1707,db3ce696964d,186,29,11,6,0,0,0
1708,db3ce696964d,196,29,11,6,1,0,0
1709,db3ce696964d,199,30,11,6,4,0,0
1710,db3ce696964d,199,34,11,6,0,3,0
1711,db3ce696964d,199,34,14,6,0,0,1
1712,db3ce696964d,218,34,14,7,4,0,0
1713,db3ce696964d,218,38,14,7,3,0,0
1714,db3ce696964d,244,41,14,7,0,0,3
1715,db3ce696964d,244,41,14,10,4,0,0
1716,db3ce696964d,253,45,14,10,2,0,0
1717,db3ce696964d,268,47,14,10,0,0,0
1718,db3ce696964d,268,47,14,10,0,0,0
1719,db3ce696964d,276,47,14,10,0,1,0
1720,db3ce696964d,282,47,15,10,3,0,0
1721,db3ce696964d,289,50,15,10,3,0,0
1722,db3ce696964d,302,53,15,10,0,0,2
1723,db3ce696964d,302,53,15,12,3,0,0
1724,db3ce696964d,302,56,15,12,0,0,0
1725,db3ce696964d,321,56,15,12,1,0,0
1726,db3ce696964d,321,57,15,12,0,0,2
1727,db3ce696964d,326,57,15,14,0,4,0
1728,db3ce696964d,326,57,19,14,3,0,0
1729,db3ce696964d,333,60,19,14,3,0,0
1730,db3ce696964d,333,63,19,14,0,2,0
1731,db3ce696964d,355,63,21,14,0,0,0
1732,db3ce696964d,355,63,21,14,4,0,0
1733,db3ce696964d,375,67,21,14,0,0,0
1734,db3ce696964d,375,67,21,14,0,0,2
1735,db3ce696964d,375,67,21,16,3,0,0
1736,db3ce696964d,386,70,21,16,1,0,0
1737,db3ce696964d,418,71,21,16,4,0,0
1738,db3ce696964d,418,75,21,16,0,0,0
1739,db3ce696964d,440,75,21,16,0,0,0
1740,db3ce696964d,440,75,21,16,0,0,0
1741,db3ce696964d,440,75,21,16,3,0,0
1742,db3ce696964d,459,78,21,16,4,0,0
1743,db3ce696964d,461,82,21,16,0,0,0
1744,db3ce696964d,475,82,21,16,4,0,0
1745,db3ce696964d,480,86,21,16,3,0,0
1746,db3ce696964d,493,89,21,16,3,0,0
1747,db3ce696964d,506,92,21,16,0,0,2
1748,db3ce696964d,539,92,21,18,3,0,0
1749,db3ce696964d,542,95,21,18,1,0,0
1750,db3ce696964d,542,96,21,18,0,0,0
1751,db3ce696964d,566,96,21,18,0,0,4
1752,db3ce696964d,600,96,21,22,0,1,0
1753,db3ce696964d,600,96,22,22,0,1,0
1754,db3ce696964d,600,96,23,22,0,4,0
1755,db3ce696964d,604,96,27,22,3,0,0
1756,db3ce696964d,604,99,27,22,0,0,2
1757,db3ce696964d,604,99,27,24,2,0,0
1758,db3ce696964d,609,101,27,24,0,4,0
1759,db3ce696964d,609,101,31,24,2,0,0
1760,db3ce696964d,621,103,31,24,1,0,0
1761,db3ce696964d,621,104,31,24,2,0,0
1762,db3ce696964d,621,106,31,24,0,0,0
1763,db3ce696964d,628,106,31,24,0,0,0
1764,db3ce696964d,646,106,31,24,0,0,0
1765,db3ce696964d,646,106,31,24,4,0,0
1766,db3ce696964d,646,110,31,24,0,4,0
1767,db3ce696964d,650,110,35,24,0,0,4
1768,db3ce696964d,650,110,35,28,0,4,0
1769,db3ce696964d,674,110,39,28,0,0,0
1770,db3ce696964d,682,110,39,28,4,0,0
1771,db3ce696964d,682,114,39,28,1,0,0
1772,db3ce696964d,693,115,39,28,3,0,0
1773,db3ce696964d,709,118,39,28,0,1,0
1774,db3ce696964d,722,118,40,28,4,0,0
1775,db3ce696964d,726,122,40,28,3,0,0
1776,db3ce696964d,726,125,40,28,0,0,0
1777,db3ce696964d,735,125,40,28,0,0,3
1778,db3ce696964d,735,125,40,31,2,0,0
1779,db3ce696964d,746,127,40,31,0,0,0
1780,db3ce696964d,746,127,40,31,0,0,2
1781,db3ce696964d,789,127,40,33,1,0,0
1782,db3ce696964d,789,128,40,33,0,0,2
1783,db3ce696964d,797,128,40,35,0,3,0
1784,db3ce696964d,797,128,43,35,1,0,0
1785,db3ce696964d,797,129,43,35,3,0,0
1786,db3ce696964d,800,132,43,35,0,2,0
1787,db3ce696964d,800,132,45,35,1,0,0
1788,db3ce696964d,800,133,45,35,3,0,0
1789,db3ce696964d,816,136,45,35,2,0,0
1790,db3ce696964d,816,138,45,35,0,0,0
1791,db3ce696964d,840,138,45,35,4,0,0
1792,db3ce696964d,847,142,45,35,4,0,0
1793,db3ce696964d,853,146,45,35,0,1,0
1794,db3ce696964d,860,146,46,35,4,0,0
1795,db3ce696964d,866,150,46,35,1,0,0
1796,db3ce696964d,867,151,46,35,0,0,0
1797,db3ce696964d,867,151,46,35,0,2,0
1798,db3ce696964d,867,151,48,35,0,0,3
1799,db3ce696964d,910,151,48,38,2,0,0
1800,db3ce696964d,910,153,48,38,3,0,0
1801,db3ce696964d,948,156,48,38,0,0,2
1802,db3ce696964d,958,156,48,40,1,0,0
1803,db3ce696964d,958,157,48,40,0,2,0
1804,f15d449e81e8,11,0,0,0,0,3,0
1805,f15d449e81e8,11,0,3,0,3,0,0
1806,f15d449e81e8,11,3,3,0,0,0,0
1807,f15d449e81e8,13,3,3,0,0,0,0
1808,f15d449e81e8,13,3,3,0,0,1,0
1809,f15d449e81e8,13,3,4,0,1,0,0
1810,f15d449e81e8,20,4,4,0,0,1,0
1811,f15d449e81e8,20,4,5,0,0,0,2
1812,f15d449e81e8,34,4,5,2,1,0,0
1813,f15d449e81e8,34,5,5,2,2,0,0
1814,f15d449e81e8,48,7,5,2,0,0,0
1815,f15d449e81e8,48,7,5,2,4,0,0
1816,f15d449e81e8,48,11,5,2,0,0,2
1817,f15d449e81e8,54,11,5,4,0,0,4
1818,f15d449e81e8,54,11,5,8,2,0,0
1819,f15d449e81e8,83,13,5,8,4,0,0
1820,f15d449e81e8,192,17,5,8,2,0,0
1821,f15d449e81e8,192,19,5,8,0,0,2
1822,f15d449e81e8,192,19,5,10,1,0,0
1823,f15d449e81e8,220,20,5,10,0,3,0
1824,f15d449e81e8,220,20,8,10,2,0,0
1825,f15d449e81e8,233,22,8,10,0,3,0
1826,f15d449e81e8,233,22,11,10,4,0,0
1827,f15d449e81e8,233,26,11,10,0,0,3
1828,f15d449e81e8,246,26,11,13,0,0,0
1829,f15d449e81e8,262,26,11,13,0,0,2
1830,f15d449e81e8,309,26,11,15,3,0,0
1831,f15d449e81e8,309,29,11,15,0,0,2
1832,f15d449e81e8,342,29,11,17,0,0,0
1833,f15d449e81e8,342,29,11,17,3,0,0
1834,f15d449e81e8,342,32,11,17,1,0,0
1835,f15d449e81e8,369,33,11,17,0,3,0
1836,f15d449e81e8,369,33,14,17,0,3,0
1837,f15d449e81e8,377,33,17,17,1,0,0
1838,f15d449e81e8,377,34,17,17,0,3,0
1839,f15d449e81e8,377,34,20,17,0,1,0
1840,f15d449e81e8,419,34,21,17,3,0,0
1841,f15d449e81e8,426,37,21,17,3,0,0
1842,f15d449e81e8,426,40,21,17,0,4,0
1843,f15d449e81e8,457,40,25,17,0,0,4
1844,f15d449e81e8,457,40,25,21,3,0,0
1845,f15d449e81e8,457,43,25,21,2,0,0
1846,f15d449e81e8,488,45,25,21,0,2,0
1847,f15d449e81e8,488,45,27,21,1,0,0
1848,f15d449e81e8,488,46,27,21,0,0,3
1849,f15d449e81e8,500,46,27,24,0,0,0
1850,f15d449e81e8,500,46,27,24,4,0,0
1851,f15d449e81e8,546,50,27,24,0,0,0
1852,f15d449e81e8,546,50,27,24,4,0,0
1853,f15d449e81e8,553,54,27,24,0,0,0
1854,f15d449e81e8,567,54,27,24,0,0,1
1855,f15d449e81e8,572,54,27,25,3,0,0
1856,f15d449e81e8,572,57,27,25,2,0,0
1857,f15d449e81e8,572,59,27,25,0,0,0
1858,f15d449e81e8,585,59,27,25,4,0,0
1859,f15d449e81e8,585,63,27,25,1,0,0
1860,f15d449e81e8,589,64,27,25,0,0,0
1861,f15d449e81e8,607,64,27,25,3,0,0
1862,f15d449e81e8,607,67,27,25,0,0,4
1863,f15d449e81e8,643,67,27,29,0,3,0
1864,f15d449e81e8,643,67,30,29,0,0,0
1865,f15d449e81e8,643,67,30,29,2,0,0
1866,f15d449e81e8,657,69,30,29,4,0,0
1867,f15d449e81e8,657,73,30,29,0,1,0
1868,f15d449e81e8,657,73,31,29,0,0,1
1869,f15d449e81e8,662,73,31,30,3,0,0
1870,f15d449e81e8,662,76,31,30,4,0,0
1871,f15d449e81e8,669,80,31,30,1,0,0
1872,f15d449e81e8,669,81,31,30,0,0,4
1873,f15d449e81e8,669,81,31,34,0,1,0
1874,f15d449e81e8,760,81,32,34,0,0,0
1875,f15d449e81e8,760,81,32,34,2,0,0
1876,f15d449e81e8,760,83,32,34,0,4,0
1877,f15d449e81e8,772,83,36,34,0,0,2
1878,f15d449e81e8,772,83,36,36,0,0,0
1879,f15d449e81e8,775,83,36,36,0,0,0
1880,f15d449e81e8,775,83,36,36,0,2,0
1881,f15d449e81e8,779,83,38,36,0,0,1
1882,f15d449e81e8,824,83,38,37,2,0,0
1883,f15d449e81e8,824,85,38,37,3,0,0
1884,f15d449e81e8,824,88,38,37,4,0,0
1885,f15d449e81e8,837,92,38,37,2,0,0
1886,f15d449e81e8,837,94,38,37,3,0,0
1887,f15d449e81e8,856,97,38,37,0,0,0
1888,f15d449e81e8,856,97,38,37,0,0,2
1889,f15d449e81e8,883,97,38,39,0,0,0
1890,f15d449e81e8,883,97,38,39,0,0,3
1891,f15d449e81e8,885,97,38,42,0,3,0
1892,f15d449e81e8,885,97,41,42,2,0,0
1893,f15d449e81e8,901,99,41,42,2,0,0
1894,f15d449e81e8,901,101,41,42,0,0,4
1895,f15d449e81e8,901,101,41,46,2,0,0
1896,f15d449e81e8,903,103,41,46,3,0,0
1897,f15d449e81e8,903,106,41,46,1,0,0
1898,f15d449e81e8,917,107,41,46,0,0,4
1899,f15d449e81e8,917,107,41,50,0,0,2
1900,f15d449e81e8,945,107,41,52,0,2,0
1901,f15d449e81e8,945,107,43,52,0,0,0
1902,f15d449e81e8,945,107,43,52,2,0,0
1903,f15d449e81e8,954,109,43,52,3,0,0
1904,f15d449e81e8,954,112,43,52,0,0,0
1905,f15d449e81e8,959,112,43,52,3,0,0
1906,f15d449e81e8,959,115,43,52,3,0,0
1907,f15d449e81e8,959,118,43,52,3,0,0
1908,f15d449e81e8,986,121,43,52,0,0,2
1909,f15d449e81e8,990,121,43,54,1,0,0
1910,f15d449e81e8,990,122,43,54,0,2,0
1911,f15d449e81e8,995,122,45,54,0,0,3
1912,f15d449e81e8,995,122,45,57,1,0,0
1913,f15d449e81e8,995,123,45,57,0,0,0
1914,f7cb9b960a24,2,0,0,0,0,0,1
1915,f7cb9b960a24,2,0,0,1,0,2,0
1916,f7cb9b960a24,5,0,2,1,0,0,1
1917,f7cb9b960a24,5,0,2,2,0,0,0
1918,f7cb9b960a24,21,0,2,2,0,0,0
1919,f7cb9b960a24,45,0,2,2,3,0,0
1920,f7cb9b960a24,45,3,2,2,0,0,4
1921,f7cb9b960a24,127,3,2,6,0,0,0
1922,f7cb9b960a24,127,3,2,6,1,0,0
1923,f7cb9b960a24,153,4,2,6,4,0,0
1924,f7cb9b960a24,158,8,2,6,0,0,2
1925,f7cb9b960a24,193,8,2,8,2,0,0
1926,f7cb9b960a24,247,10,2,8,3,0,0
1927,f7cb9b960a24,247,13,2,8,0,0,0
1928,f7cb9b960a24,250,13,2,8,4,0,0
1929,f7cb9b960a24,250,17,2,8,0,0,0
1930,f7cb9b960a24,254,17,2,8,2,0,0
1931,f7cb9b960a24,254,19,2,8,0,0,1
1932,f7cb9b960a24,254,19,2,9,0,0,2
1933,f7cb9b960a24,378,19,2,11,0,4,0
1934,f7cb9b960a24,378,19,6,11,1,0,0
1935,f7cb9b960a24,430,20,6,11,0,0,0
1936,f7cb9b960a24,430,20,6,11,3,0,0
1937,f7cb9b960a24,430,23,6,11,2,0,0
1938,f7cb9b960a24,441,25,6,11,0,4,0
1939,f7cb9b960a24,441,25,10,11,1,0,0
1940,f7cb9b960a24,441,26,10,11,4,0,0
1941,f7cb9b960a24,469,30,10,11,3,0,0
1942,f7cb9b960a24,469,33,10,11,2,0,0
1943,f7cb9b960a24,489,35,10,11,0,3,0
1944,f7cb9b960a24,494,35,13,11,0,0,4
1945,f7cb9b960a24,494,35,13,15,0,0,4
1946,f7cb9b960a24,494,35,13,19,0,4,0
1947,f7cb9b960a24,540,35,17,19,0,0,0
1948,f7cb9b960a24,540,35,17,19,0,0,0
1949,f7cb9b960a24,540,35,17,19,0,0,0
1950,f7cb9b960a24,562,35,17,19,0,0,2
1951,f7cb9b960a24,562,35,17,21,2,0,0
1952,f7cb9b960a24,595,37,17,21,3,0,0
1953,f7cb9b960a24,595,40,17,21,3,0,0
1954,f7cb9b960a24,617,43,17,21,1,0,0
1955,f7cb9b960a24,633,44,17,21,2,0,0
1956,f7cb9b960a24,633,46,17,21,1,0,0
1957,f7cb9b960a24,633,47,17,21,1,0,0
1958,f7cb9b960a24,635,48,17,21,3,0,0
1959,f7cb9b960a24,635,51,17,21,0,0,4
1960,f7cb9b960a24,680,51,17,25,0,1,0
1961,f7cb9b960a24,680,51,18,25,1,0,0
1962,f7cb9b960a24,687,52,18,25,3,0,0
1963,f7cb9b960a24,707,55,18,25,0,1,0
1964,f7cb9b960a24,719,55,19,25,3,0,0
1965,f7cb9b960a24,719,58,19,25,4,0,0
1966,f7cb9b960a24,719,62,19,25,2,0,0
1967,f7cb9b960a24,723,64,19,25,3,0,0
1968,f7cb9b960a24,723,67,19,25,0,0,3
1969,f7cb9b960a24,723,67,19,28,1,0,0
1970,f7cb9b960a24,727,68,19,28,4,0,0
1971,f7cb9b960a24,727,72,19,28,1,0,0
1972,f7cb9b960a24,736,73,19,28,0,0,0
1973,f7cb9b960a24,736,73,19,28,2,0,0
1974,f7cb9b960a24,739,75,19,28,4,0,0
1975,f7cb9b960a24,739,79,19,28,0,0,0
1976,f7cb9b960a24,739,79,19,28,3,0,0
1977,f7cb9b960a24,744,82,19,28,2,0,0
1978,f7cb9b960a24,744,84,19,28,3,0,0
1979,f7cb9b960a24,744,87,19,28,3,0,0
1980,f7cb9b960a24,752,90,19,28,0,3,0
1981,f7cb9b960a24,752,90,22,28,0,0,0
1982,f7cb9b960a24,752,90,22,28,3,0,0
1983,f7cb9b960a24,786,93,22,28,4,0,0
1984,f7cb9b960a24,792,97,22,28,0,1,0
1985,f7cb9b960a24,792,97,23,28,4,0,0
1986,f7cb9b960a24,801,101,23,28,0,0,3
1987,f7cb9b960a24,801,101,23,31,0,0,0
1988,f7cb9b960a24,830,101,23,31,4,0,0
1989,f7cb9b960a24,830,105,23,31,0,0,0
1990,f7cb9b960a24,830,105,23,31,1,0,0
1991,f7cb9b960a24,836,106,23,31,0,0,4
1992,f7cb9b960a24,836,106,23,35,0,0,0
1993,f7cb9b960a24,836,106,23,35,2,0,0
1994,f7cb9b960a24,838,108,23,35,3,0,0
1995,f7cb9b960a24,838,111,23,35,1,0,0
1996,f7cb9b960a24,838,112,23,35,0,0,1
1997,f7cb9b960a24,841,112,23,36,0,0,3
1998,f7cb9b960a24,841,112,23,39,1,0,0
1999,f7cb9b960a24,841,113,23,39,1,0,0
2000,f7cb9b960a24,849,114,23,39,0,0,0
2001,f7cb9b960a24,894,114,23,39,0,2,0
2002,f7cb9b960a24,914,114,25,39,0,0,0
2003,f7cb9b960a24,914,114,25,39,3,0,0
2004,f7cb9b960a24,925,117,25,39,0,0,1
2005,f7cb9b960a24,969,117,25,40,2,0,0
2006,f7cb9b960a24,969,119,25,40,0,4,0
2007,f7cb9b960a24,969,119,29,40,0,0,1
2008,f7cb9b960a24,972,119,29,41,0,0,3
